Year,Corruption,GDP per Capita,SocialSupport,LifeExpectancy,Freedom,Generosity,HappinessScore
2015,0.41978,1.39651,1.34951,0.94143,0.66557,0.29678,7.587
2015,0.14145,1.30232,1.40223,0.94784,0.62877,0.4363,7.561
2015,0.48357,1.32548,1.36058,0.87464,0.64938,0.34139,7.527
2015,0.36503,1.459,1.33095,0.88521,0.66973,0.34699,7.522
2015,0.32957,1.32629,1.32261,0.90563,0.63297,0.45811,7.427
2015,0.41372,1.29025,1.31826,0.88911,0.64169,0.23351,7.406
2015,0.31814,1.32944,1.28017,0.89284,0.61576,0.4761,7.378
2015,0.43844,1.33171,1.28907,0.91087,0.6598,0.36262,7.364
2015,0.42922,1.25018,1.31967,0.90837,0.63938,0.47501,7.286
2015,0.35637,1.33358,1.30923,0.93156,0.65124,0.43562,7.284
2015,0.07785,1.22857,1.22393,0.91387,0.41319,0.33172,7.278
2015,0.10583,0.95578,1.23788,0.86027,0.63376,0.25497,7.226
2015,0.18676,1.33723,1.29704,0.89042,0.62433,0.33088,7.2
2015,0.21312,1.02054,0.91451,0.81444,0.48181,0.14074,7.187
2015,0.1589,1.39451,1.24711,0.86179,0.54604,0.40105,7.119
2015,0.17521,0.98124,1.23287,0.69702,0.49049,0.14574,6.983
2015,0.37798,1.56391,1.21963,0.91894,0.61583,0.28034,6.946
2015,0.28703,1.33596,1.36948,0.89533,0.61777,0.45901,6.94
2015,0.2254,1.30782,1.28566,0.89667,0.5845,0.2225,6.937
2015,0.38583,1.42727,1.12575,0.80925,0.64157,0.26428,6.901
2015,0.32067,1.26637,1.28548,0.90943,0.59625,0.51912,6.867
2015,0.32524,1.36011,1.08182,0.76276,0.63274,0.21542,6.853
2015,0.11069,1.04424,1.25596,0.72052,0.42908,0.05841,6.81
2015,0.4921,1.52186,1.02,1.02525,0.54252,0.31105,6.798
2015,0.0927,1.06353,1.1985,0.79661,0.5421,0.24434,6.786
2015,0.21843,1.32792,1.29937,0.89186,0.61477,0.28214,6.75
2015,0.12869,1.10715,1.12447,0.85857,0.44132,0.33363,6.67
2015,0.52208,1.69042,1.0786,0.79733,0.6404,0.32573,6.611
2015,0.20646,1.27778,1.26038,0.94579,0.55011,0.12332,6.575
2015,0.08484,1.05351,1.24823,0.78723,0.44974,0.11451,6.574
2015,0.02652,1.17898,1.20643,0.84483,0.46364,0.10686,6.505
2015,0.24558,1.06166,1.2089,0.8116,0.60362,0.2324,6.485
2015,0.0512,0.91861,1.24018,0.69077,0.53466,0.18401,6.477
2015,0.03187,0.9669,1.26504,0.7385,0.55664,0.5763,6.455
2015,0.32524,1.39541,1.08393,0.72025,0.31048,0.13706,6.411
2015,0.06398,1.23011,1.31379,0.95562,0.45951,0.18227,6.329
2015,0.13586,1.2074,1.30203,0.88721,0.60365,0.51752,6.302
2015,0.08129,1.29098,1.07617,0.8753,0.3974,0.25376,6.298
2015,0.25609,1.55422,1.16594,0.72492,0.55499,0.16228,6.295
2015,0.13633,0.99534,0.972,0.6082,0.59657,0.16991,6.269
2015,0.0114,1.21183,1.18354,0.61483,0.55884,0.31844,6.168
2015,0.11776,0.76454,1.02507,0.67737,0.4035,0.10692,6.13
2015,0.09472,0.74553,1.04356,0.64425,0.57733,0.27489,6.123
2015,0.30826,0.63244,1.34043,0.59772,0.65821,0.22837,6.003
2015,0.03431,1.16891,1.26999,0.78902,0.31751,0.16893,5.995
2015,0.1806,1.27074,1.25712,0.99111,0.49615,0.10705,5.987
2015,0.07857,1.24461,0.95774,0.96538,0.33208,0.18557,5.984
2015,0.1809,0.86402,0.99903,0.79075,0.48574,0.11541,5.975
2015,0.306,1.32376,1.21624,0.74716,0.45492,0.17362,5.96
2015,0.02901,1.25114,1.19777,0.95446,0.26236,0.22823,5.948
2015,0.088,0.68133,0.97841,0.5392,0.57414,0.20536,5.89
2015,0.01615,0.59448,1.01528,0.61826,0.32818,0.20951,5.889
2015,0.08242,0.75985,1.30477,0.66098,0.53899,0.3424,5.878
2015,0.08454,1.12254,1.12241,0.64368,0.51649,0.11827,5.855
2015,0.03787,1.18498,1.27385,0.87337,0.60855,0.25328,5.848
2015,0.01031,1.14723,1.25745,0.73128,0.21342,0.02641,5.833
2015,0.19317,0.59325,1.14184,0.74314,0.55475,0.27815,5.828
2015,0.05989,0.90019,0.97459,0.73017,0.41496,0.14982,5.824
2015,0.1909,1.03192,1.23289,0.73608,0.37938,0.11046,5.813
2015,0.04212,1.12555,1.27948,0.77903,0.53122,0.16759,5.791
2015,0.10501,1.12486,1.07023,0.72394,0.53024,0.33075,5.77
2015,0.0243,1.08254,0.79624,0.78805,0.25883,0.05444,5.759
2015,0.11023,1.13145,1.11862,0.7038,0.41668,0.18295,5.754
2015,0.03005,1.13764,1.23617,0.66926,0.36679,0.00199,5.716
2015,0.02299,0.81038,1.15102,0.68741,0.50442,0.2123,5.709
2015,0.1428,1.20806,1.07008,0.92356,0.49027,0.26169,5.695
2015,0.06146,1.20813,0.89318,0.92356,0.40672,0.30638,5.689
2015,0.17383,0.93929,1.07772,0.61766,0.28579,0.07822,5.605
2015,0.04741,0.80148,0.81198,0.63132,0.24749,0.2831,5.589
2015,0.30844,0.95847,1.22668,0.53886,0.4761,0.16979,5.548
2015,0.07521,1.00761,0.98521,0.7095,0.56066,0.37744,5.477
2015,0.37124,1.38604,1.05818,1.01328,0.59608,0.39478,5.474
2015,0.15184,1.15174,1.22791,0.77361,0.44888,0.0868,5.429
2015,0.0,0.82827,1.08708,0.63793,0.46611,0.51535,5.399
2015,0.10441,0.63216,0.91226,0.74676,0.59444,0.1686,5.36
2015,0.15746,1.06098,0.94632,0.73172,0.22815,0.12253,5.332
2015,0.04232,0.47428,1.15115,0.65088,0.43477,0.3003,5.286
2015,0.0403,0.65435,0.90432,0.16007,0.34334,0.27233,5.268
2015,0.15445,0.77042,1.10395,0.57407,0.53206,0.47998,5.253
2015,0.16065,1.02389,0.93793,0.64045,0.3703,0.07799,5.212
2015,0.10464,0.59543,0.41411,0.51466,0.12102,0.33671,5.194
2015,0.14293,0.90198,1.05392,0.69639,0.40661,0.11053,5.192
2015,0.14296,0.97438,0.90557,0.72521,0.1826,0.1614,5.192
2015,0.02781,0.89012,0.94675,0.81658,0.51697,0.08185,5.14
2015,0.12468,0.47038,0.91612,0.29924,0.48827,0.19591,5.129
2015,0.00649,1.04345,0.88588,0.7689,0.35068,0.13748,5.124
2015,0.02617,0.92053,1.00964,0.74836,0.20107,0.19231,5.123
2015,0.01078,1.15991,1.13935,0.87519,0.51469,0.13719,5.102
2015,0.06332,1.11312,1.09562,0.72437,0.29671,0.18226,5.098
2015,0.12279,0.70532,1.03516,0.58114,0.62545,0.24991,5.073
2015,0.39928,0.18847,0.95152,0.43873,0.46582,0.50318,5.057
2015,0.08546,0.73479,0.64095,0.60954,0.41691,0.07172,5.013
2015,0.05327,0.91851,1.00232,0.73545,0.33457,0.22359,5.007
2015,0.15603,0.08308,1.02626,0.09131,0.34037,0.22269,4.971
2015,0.06413,0.87867,0.80434,0.81325,0.35733,0.14272,4.959
2015,0.00227,0.83223,0.91916,0.79081,0.09245,0.24808,4.949
2015,0.12504,0.37545,1.04103,0.07612,0.31767,0.16388,4.898
2015,0.14234,0.89537,1.17202,0.66825,0.57672,0.21684,4.885
2015,0.24249,0.59066,0.73803,0.54909,0.59591,0.42192,4.876
2015,0.02666,0.82819,1.3006,0.60268,0.43626,0.3323,4.874
2015,0.0306,0.71206,1.07284,0.07566,0.30658,0.18259,4.867
2015,0.01397,1.15406,0.92933,0.88213,0.07699,0.0,4.857
2015,0.04582,1.02564,0.80001,0.83947,0.33916,0.21854,4.839
2015,0.02758,1.12094,1.20215,0.75905,0.32112,0.128,4.8
2015,0.06825,0.59532,0.95348,0.6951,0.40148,0.23027,4.788
2015,0.15072,0.39047,0.85563,0.57379,0.47216,0.22974,4.786
2015,0.06358,0.88113,0.60429,0.73793,0.26268,0.06431,4.739
2015,0.12905,0.59867,0.92558,0.66015,0.24499,0.11251,4.715
2015,0.12569,0.39753,0.43106,0.60164,0.4082,0.21222,4.694
2015,0.05863,1.0088,0.54447,0.69805,0.30033,0.38086,4.686
2015,0.02961,0.79907,1.20278,0.6739,0.25123,0.15275,4.681
2015,0.13788,0.98549,0.81889,0.60237,0.0,0.17922,4.677
2015,0.08884,0.92049,1.18468,0.27688,0.33207,0.11973,4.642
2015,0.04355,0.54558,0.67954,0.40132,0.42342,0.23087,4.633
2015,0.08079,0.271,1.03276,0.33475,0.25861,0.18987,4.61
2015,0.06232,0.0712,0.78968,0.34201,0.28531,0.24362,4.571
2015,0.08492,0.64499,0.38174,0.51529,0.39786,0.26475,4.565
2015,0.1466,0.52107,1.01404,0.36878,0.10081,0.19062,4.55
2015,0.17175,0.26673,0.74302,0.38847,0.24425,0.46187,4.518
2015,0.07625,0.0,1.0012,0.09806,0.22605,0.24834,4.517
2015,0.05907,0.35997,0.86449,0.56874,0.38282,0.32296,4.514
2015,0.15048,0.19073,0.60406,0.44055,0.4345,0.24325,4.512
2015,0.08786,0.33024,0.95571,0.0,0.4084,0.21488,4.507
2015,0.17461,0.45407,0.86908,0.35874,0.24232,0.219,4.436
2015,0.05839,0.36471,0.99876,0.41435,0.42215,0.37542,4.419
2015,0.28105,0.44025,0.59207,0.36291,0.46074,0.18093,4.369
2015,0.039,0.76821,0.77711,0.7299,0.19847,0.07855,4.35
2015,0.12474,0.99355,1.10464,0.04776,0.49495,0.10461,4.332
2015,0.19034,0.27108,0.70905,0.48246,0.44017,0.79588,4.307
2015,0.38331,0.7419,0.38562,0.72926,0.40577,0.05547,4.297
2015,0.06977,0.01604,0.41134,0.22562,0.43054,0.33128,4.292
2015,0.09179,0.83524,1.01905,0.70806,0.53726,0.40828,4.271
2015,0.05786,0.4225,0.88767,0.23402,0.49309,0.20618,4.252
2015,0.00872,1.01216,1.10614,0.76649,0.30587,0.11921,4.218
2015,0.06324,0.8818,0.747,0.61712,0.17288,0.11291,4.194
2015,0.07854,0.54649,0.68093,0.40064,0.35571,0.09131,4.077
2015,0.07122,0.75778,0.8604,0.16683,0.10384,0.12344,4.033
2015,0.12352,0.26074,1.03526,0.20583,0.38857,0.18798,3.995
2015,0.11686,0.67866,0.6629,0.31051,0.41466,0.12388,3.989
2015,0.199,0.23906,0.79273,0.36315,0.22917,0.17441,3.956
2015,0.07267,0.21102,1.13299,0.33861,0.45727,0.29066,3.931
2015,0.10713,0.36498,0.97619,0.4354,0.36772,0.20843,3.904
2015,0.11091,1.06024,0.90528,0.43372,0.31914,0.06822,3.896
2015,0.15639,0.0694,0.77265,0.29707,0.47692,0.19387,3.845
2015,0.07247,0.46038,0.62736,0.61114,0.66246,0.40359,3.819
2015,0.05747,0.2852,1.00268,0.38215,0.32878,0.34377,3.781
2015,0.08124,0.20824,0.66801,0.46721,0.19184,0.21333,3.681
2015,0.08289,0.0785,0.0,0.06699,0.48879,0.23835,3.678
2015,0.05269,0.34193,0.76062,0.1501,0.23501,0.18386,3.667
2015,0.12139,0.17417,0.46475,0.24009,0.37725,0.28657,3.656
2015,0.17922,0.46534,0.77115,0.15185,0.46866,0.20165,3.655
2015,0.12832,0.25812,0.85188,0.27125,0.39493,0.21747,3.587
2015,0.09719,0.31982,0.30285,0.30335,0.23414,0.3651,3.575
2015,0.55191,0.22208,0.7737,0.42864,0.59201,0.22628,3.465
2015,0.0801,0.28665,0.35386,0.3191,0.4845,0.1826,3.34
2015,0.18906,0.6632,0.47489,0.72193,0.15684,0.47179,3.006
2015,0.10062,0.0153,0.41587,0.22396,0.1185,0.19727,2.905
2015,0.10731,0.20868,0.13995,0.28443,0.36453,0.16681,2.839
2016,0.44453,1.44178,1.16374,0.79504,0.57941,0.36171,7.526
2016,0.41203,1.52733,1.14524,0.86303,0.58557,0.28083,7.509
2016,0.14975,1.42666,1.18326,0.86733,0.56624,0.47678,7.501
2016,0.35776,1.57744,1.1269,0.79579,0.59609,0.37895,7.498
2016,0.41004,1.40598,1.13464,0.81091,0.57104,0.25492,7.413
2016,0.31329,1.44015,1.0961,0.8276,0.5737,0.44834,7.404
2016,0.29927,1.46468,1.02912,0.81231,0.55211,0.47416,7.339
2016,0.41904,1.36066,1.17278,0.83096,0.58147,0.49401,7.334
2016,0.32331,1.44443,1.10476,0.8512,0.56837,0.47407,7.313
2016,0.40867,1.45181,1.08764,0.83121,0.58218,0.38254,7.291
2016,0.08728,1.33766,0.99537,0.84917,0.36432,0.32288,7.267
2016,0.21348,1.45038,1.08383,0.80565,0.54355,0.32865,7.119
2016,0.14868,1.50796,1.04782,0.779,0.48163,0.41077,7.104
2016,0.10547,1.06879,1.02152,0.76146,0.55225,0.22553,7.087
2016,0.12275,1.35943,1.08113,0.77758,0.46823,0.22202,7.039
2016,0.28551,1.44787,1.09774,0.81487,0.53466,0.30452,6.994
2016,0.14166,1.08754,1.03938,0.61415,0.40425,0.15776,6.952
2016,0.26248,1.42539,1.05249,0.81959,0.51354,0.2424,6.929
2016,0.29754,1.48341,1.16157,0.81455,0.54008,0.44963,6.907
2016,0.35329,1.69752,1.03999,0.84542,0.5487,0.27571,6.871
2016,0.18355,1.11508,0.7146,0.71143,0.37709,0.11735,6.778
2016,0.46987,1.64555,0.86758,0.94719,0.4877,0.32706,6.739
2016,0.27399,1.40283,1.08672,0.80991,0.50036,0.50156,6.725
2016,0.11451,1.2167,0.90587,0.81883,0.37789,0.31595,6.705
2016,0.08423,1.18306,0.98912,0.70835,0.48927,0.2418,6.701
2016,0.07296,1.15137,1.06612,0.69711,0.42284,0.10989,6.65
2016,0.03986,1.30915,1.00793,0.76376,0.41418,0.09929,6.596
2016,0.35561,1.57352,0.87114,0.72993,0.56215,0.26591,6.573
2016,0.21394,1.18157,1.03143,0.72183,0.54388,0.18056,6.545
2016,0.17554,1.30782,1.09879,0.80315,0.54994,0.56237,6.488
2016,0.05399,1.03032,1.02169,0.59659,0.44735,0.15626,6.481
2016,0.17808,1.39488,1.00508,0.83795,0.46562,0.1216,6.478
2016,0.02833,1.0893,1.04477,0.64915,0.49553,0.58696,6.474
2016,0.30008,1.48953,0.84829,0.59267,0.37904,0.15457,6.379
2016,0.0663,1.39729,0.92624,0.79565,0.32377,0.25495,6.379
2016,0.48049,1.82427,0.87964,0.71723,0.56679,0.32388,6.375
2016,0.06137,1.34253,1.12945,0.87896,0.37545,0.17665,6.361
2016,0.16157,1.05266,0.83309,0.61804,0.21006,0.07044,6.355
2016,0.08701,0.83454,0.87119,0.54039,0.50379,0.28808,6.324
2016,0.12692,1.09686,0.77866,0.50933,0.52234,0.16665,6.269
2016,0.23669,1.61714,0.87758,0.63569,0.43166,0.15965,6.239
2016,0.25772,1.44024,0.94397,0.65696,0.47375,0.17147,6.218
2016,0.01241,1.32572,0.98569,0.52608,0.48453,0.31935,6.168
2016,0.08304,1.13367,1.03302,0.61904,0.19847,0.0425,6.084
2016,0.02947,1.27973,1.08268,0.70367,0.23391,0.13837,6.078
2016,0.10613,0.8737,0.80975,0.596,0.37269,0.08877,6.068
2016,0.09081,1.25142,0.88025,0.62366,0.39031,0.41474,6.005
2016,0.16292,0.69384,0.89521,0.65213,0.46582,0.29773,5.992
2016,0.28333,0.73591,1.1681,0.50163,0.60848,0.34326,5.987
2016,0.02556,1.35495,1.04167,0.85102,0.18827,0.16684,5.977
2016,0.18037,0.97306,0.85974,0.68613,0.4027,0.10074,5.976
2016,0.10771,0.87616,0.68655,0.45569,0.51231,0.23684,5.956
2016,0.18985,1.38007,1.06054,0.91491,0.46761,0.10224,5.921
2016,0.11132,1.22943,0.95544,0.57386,0.4052,0.15011,5.919
2016,0.01903,0.69177,0.83132,0.52309,0.25202,0.19997,5.897
2016,0.03586,1.23228,1.05261,0.58991,0.32682,0.02736,5.856
2016,0.055,1.24585,1.04685,0.69058,0.4519,0.14443,5.835
2016,0.07716,1.35948,0.72194,0.88645,0.25168,0.18824,5.835
2016,0.07746,0.79422,0.83779,0.4697,0.50961,0.21698,5.822
2016,0.0182,1.2692,1.06411,0.64674,0.18929,0.02025,5.813
2016,0.17457,1.13062,1.04993,0.63104,0.29091,0.13942,5.802
2016,0.16578,1.31141,0.81826,0.84142,0.43596,0.26322,5.771
2016,0.03635,1.29947,1.05613,0.79151,0.53164,0.25738,5.768
2016,0.05292,0.99602,0.81255,0.62994,0.37502,0.14527,5.743
2016,0.28467,1.08017,1.03817,0.44006,0.37408,0.22567,5.658
2016,0.05203,1.14372,0.75695,0.66189,0.46145,0.36951,5.648
2016,0.10339,1.06688,0.95076,0.52304,0.40672,0.17087,5.615
2016,0.0889,1.21788,0.95025,0.63952,0.27996,0.17445,5.56
2016,0.05228,1.31857,0.70697,0.8488,0.29507,0.27906,5.546
2016,0.07396,0.89373,1.11111,0.58295,0.46235,0.25296,5.538
2016,0.00679,1.1697,0.72803,0.67602,0.36712,0.12889,5.528
2016,0.18519,1.27964,1.05163,0.68098,0.41511,0.08423,5.517
2016,0.04294,0.89333,0.96372,0.59469,0.43597,0.22245,5.51
2016,0.04002,1.18649,0.60809,0.70524,0.23907,0.18434,5.488
2016,0.31647,1.5107,0.87021,0.95277,0.48079,0.40097,5.458
2016,0.3118,0.0,0.33613,0.11466,0.56778,0.27225,5.44
2016,0.06547,0.90145,0.66062,0.54,0.14396,0.27992,5.401
2016,0.12348,1.16492,0.87717,0.64718,0.23889,0.04707,5.389
2016,0.00322,0.95104,0.87625,0.49374,0.39237,0.56521,5.314
2016,0.13297,0.99673,0.86216,0.60712,0.36023,0.14262,5.303
2016,0.17914,1.12373,0.76042,0.54504,0.35327,0.0564,5.291
2016,0.11757,0.81217,0.87877,0.47036,0.54854,0.21674,5.279
2016,0.02745,1.0278,0.79381,0.73561,0.44012,0.04959,5.245
2016,0.1616,0.8527,0.90836,0.49759,0.46074,0.48546,5.196
2016,0.04762,0.56044,0.95434,0.55449,0.40212,0.38432,5.185
2016,0.04339,1.03437,0.81329,0.6458,0.15718,0.20737,5.177
2016,0.0,0.93383,0.64367,0.70766,0.09511,0.29889,5.163
2016,0.12721,1.07838,0.74173,0.63533,0.15111,0.17191,5.161
2016,0.12372,1.02787,0.99496,0.57669,0.52259,0.21286,5.155
2016,0.08404,0.84058,0.38595,0.59471,0.25646,0.04053,5.151
2016,0.04472,1.24142,0.93164,0.67608,0.1977,0.099,5.145
2016,0.1388,0.68816,0.26135,0.40306,0.14622,0.31185,5.132
2016,0.03061,1.12268,0.64184,0.76171,0.26228,0.23693,5.129
2016,0.01521,1.27607,0.94367,0.79363,0.44727,0.11691,5.123
2016,0.07047,1.0193,0.78236,0.64738,0.27668,0.23507,5.121
2016,0.11556,0.74037,0.79117,0.66157,0.55954,0.25075,5.061
2016,0.36794,0.25558,0.75862,0.33108,0.3913,0.51479,5.057
2016,0.0817,0.97724,0.43165,0.59577,0.23553,0.03936,5.045
2016,0.04127,1.24886,0.75473,0.80029,0.05822,0.0,5.033
2016,0.13509,0.48835,0.75602,0.53119,0.43408,0.25998,4.996
2016,0.03285,0.98853,1.08983,0.55469,0.35972,0.34539,4.907
2016,0.22423,0.68042,0.5497,0.38291,0.52168,0.43079,4.876
2016,0.0305,0.75216,0.64498,0.05108,0.27854,0.23219,4.875
2016,0.06906,0.69429,0.75596,0.58383,0.26755,0.2044,4.871
2016,0.0557,1.11758,0.38857,0.64232,0.22544,0.38538,4.813
2016,0.11479,0.61202,0.6376,0.23573,0.42662,0.17866,4.795
2016,0.07008,0.44626,0.69699,0.50073,0.37012,0.3816,4.793
2016,0.10613,0.67024,0.71629,0.56844,0.17744,0.11154,4.754
2016,0.05301,0.9553,0.50163,0.73007,0.31866,0.1684,4.655
2016,0.12583,0.54177,0.24749,0.52989,0.39778,0.19132,4.643
2016,0.08196,0.36485,0.628,0.0,0.30685,0.23897,4.635
2016,0.13636,1.07474,0.59205,0.51076,0.24856,0.19589,4.575
2016,0.10398,0.93287,0.70362,0.34745,0.48614,0.07795,4.574
2016,0.06126,0.52497,0.62542,0.12698,0.42736,0.2268,4.513
2016,0.1717,0.29283,0.37932,0.34578,0.36703,0.29522,4.508
2016,0.08415,1.02416,0.96053,0.18611,0.42483,0.13656,4.459
2016,0.07964,0.97318,0.84783,0.62007,0.50817,0.46978,4.415
2016,0.08722,0.74036,0.29247,0.45091,0.40285,0.25028,4.404
2016,0.20243,0.34112,0.69981,0.3988,0.42692,0.81971,4.395
2016,0.10393,0.95395,0.49813,0.52116,0.18847,0.12706,4.362
2016,0.03616,0.86086,0.62477,0.64083,0.14037,0.07793,4.36
2016,0.06686,0.52267,0.7624,0.30147,0.40576,0.41328,4.356
2016,0.01829,0.87287,1.01413,0.58628,0.12859,0.20363,4.324
2016,0.0326,0.63107,0.49353,0.29681,0.40973,0.21203,4.276
2016,0.06075,0.05661,0.80676,0.188,0.15602,0.25458,4.272
2016,0.3188,0.83792,0.19249,0.64035,0.32461,0.06786,4.252
2016,0.09753,0.77109,0.47799,0.28212,0.37938,0.12077,4.236
2016,0.11681,0.44314,0.77416,0.40457,0.31056,0.19103,4.219
2016,0.00615,1.11306,0.92542,0.67806,0.21219,0.12793,4.217
2016,0.17955,0.61391,0.84142,0.28639,0.1268,0.22686,4.201
2016,0.08582,0.35041,0.71478,0.1595,0.25429,0.18503,4.193
2016,0.07564,0.08709,0.147,0.29364,0.4143,0.30968,4.156
2016,0.10039,0.63069,0.81928,0.29759,0.0,0.18077,4.139
2016,0.09314,1.15851,0.72368,0.3494,0.28098,0.06244,4.121
2016,0.13647,0.31292,0.86333,0.16347,0.27544,0.21064,4.073
2016,0.14476,0.34097,0.29561,0.27494,0.12072,0.47958,4.028
2016,0.10769,1.09426,0.89186,0.34752,0.44089,0.12425,3.974
2016,0.18437,0.27509,0.60323,0.29981,0.15412,0.1827,3.956
2016,0.1553,0.55507,0.57576,0.04476,0.40663,0.20338,3.916
2016,0.08092,0.55604,0.5375,0.42494,0.58852,0.40339,3.907
2016,0.08434,0.84731,0.66366,0.04991,0.00589,0.12071,3.866
2016,0.17176,0.1327,0.6053,0.26162,0.38041,0.2097,3.856
2016,0.13015,0.39394,0.18519,0.15781,0.19662,0.25899,3.832
2016,0.04952,0.42214,0.63178,0.03824,0.12807,0.18667,3.763
2016,0.12533,0.31995,0.63054,0.21297,0.3337,0.24353,3.739
2016,0.06442,0.34719,0.90981,0.19625,0.43653,0.27102,3.739
2016,0.05892,0.57939,0.47493,0.31048,0.2287,0.09821,3.724
2016,0.07506,0.27954,0.46115,0.37109,0.13684,0.2204,3.695
2016,0.05099,0.47155,0.77623,0.357,0.3176,0.31472,3.666
2016,0.04852,0.10706,0.50353,0.23165,0.25748,0.24063,3.622
2016,0.1192,0.22415,0.3109,0.18829,0.30953,0.29914,3.607
2016,0.50521,0.32846,0.61586,0.31865,0.5432,0.23552,3.515
2016,0.06681,0.39499,0.10419,0.21028,0.39747,0.2018,3.484
2016,0.07112,0.38227,0.11037,0.17344,0.1643,0.31268,3.36
2016,0.11587,0.28123,0.0,0.24811,0.34678,0.17517,3.303
2016,0.17233,0.74719,0.14866,0.62994,0.06912,0.48397,3.069
2016,0.09419,0.06831,0.23442,0.15747,0.0432,0.2029,2.905
2017,0.315963834524155,1.61646318435669,1.53352355957031,0.796666502952576,0.635422587394714,0.36201223731041,7.53700017929077
2017,0.40077006816864,1.48238301277161,1.55112159252167,0.792565524578094,0.626006722450256,0.355280488729477,7.52199983596802
2017,0.153526559472084,1.480633020401,1.6105740070343,0.833552122116089,0.627162635326385,0.475540220737457,7.50400018692017
2017,0.367007285356522,1.56497955322266,1.51691174507141,0.858131289482117,0.620070576667786,0.290549278259277,7.49399995803833
2017,0.38261154294014,1.44357192516327,1.5402467250824,0.80915766954422,0.617950856685638,0.24548277258873,7.4689998626709
2017,0.282661825418472,1.50394463539124,1.42893922328949,0.810696125030518,0.585384488105774,0.470489829778671,7.3769998550415
2017,0.287371516227722,1.47920441627502,1.48134899139404,0.83455765247345,0.611100912094116,0.435539722442627,7.31599998474121
2017,0.382816702127457,1.40570604801178,1.54819512367249,0.816759705543518,0.614062130451202,0.500005125999451,7.31400012969971
2017,0.384398728609085,1.49438726902008,1.47816216945648,0.830875158309937,0.612924098968506,0.385399252176285,7.28399991989136
2017,0.301183730363846,1.484414935112,1.51004195213318,0.84388679265976,0.601607382297516,0.477699249982834,7.28399991989136
2017,0.0852421000599861,1.37538242340088,1.37628996372223,0.83840399980545,0.405988603830338,0.330082654953003,7.21299982070923
2017,0.100106589496136,1.10970628261566,1.41640365123749,0.759509265422821,0.580131649971008,0.214613229036331,7.0789999961853
2017,0.221060365438461,1.48709726333618,1.4599449634552,0.815328419208527,0.567766189575195,0.316472321748734,7.00600004196167
2017,0.135638788342476,1.54625928401947,1.41992056369781,0.77428662776947,0.505740523338318,0.392578780651093,6.99300003051758
2017,0.29838815331459,1.53570663928986,1.55823111534119,0.80978262424469,0.573110342025757,0.42785832285881,6.97700023651123
2017,0.276731938123703,1.48792338371277,1.47252035140991,0.798950731754303,0.562511384487152,0.336269170045853,6.95100021362305
2017,0.251343131065369,1.46378076076508,1.46231269836426,0.818091869354248,0.539770722389221,0.231503337621689,6.89099979400635
2017,0.31883442401886,1.74194359779358,1.45758366584778,0.845089495182037,0.59662789106369,0.283180981874466,6.86299991607666
2017,0.265428066253662,1.44163393974304,1.49646008014679,0.805335938930511,0.508190035820007,0.492774158716202,6.71400022506714
2017,0.0822879821062088,1.25278460979462,1.28402495384216,0.819479703903198,0.376895278692245,0.326662421226501,6.65199995040894
2017,0.324489563703537,1.62634336948395,1.26641023159027,0.726798236370087,0.60834527015686,0.3609419465065,6.64799976348877
2017,0.111092761158943,1.10735321044922,1.43130600452423,0.616552352905273,0.437453746795654,0.16234989464283,6.63500022888184
2017,0.0368729270994663,1.35268235206604,1.43388521671295,0.754444003105164,0.490946173667908,0.0881067588925362,6.60900020599365
2017,0.059739887714386,1.18529546260834,1.44045114517212,0.695137083530426,0.494519203901291,0.109457060694695,6.59899997711182
2017,0.132774114608765,1.15318381786346,1.210862159729,0.709978997707367,0.412730008363724,0.120990432798862,6.57800006866455
2017,0.46430778503418,1.69227766990662,1.35381436347961,0.949492394924164,0.549840569496155,0.345965981483459,6.57200002670288
2017,0.153066068887711,1.34327983856201,1.48841166496277,0.821944236755371,0.588767051696777,0.574730575084686,6.52699995040894
2017,0.178061872720718,1.21755969524384,1.41222786903381,0.719216823577881,0.57939225435257,0.175096929073334,6.4539999961853
2017,0.0772232785820961,0.872001945972443,1.25558519363403,0.540239989757538,0.531310617923737,0.283488392829895,6.4539999961853
2017,0.070983923971653,1.23374843597412,1.37319254875183,0.706156134605408,0.550026834011078,0.21055693924427,6.4520001411438
2017,0.172502428293228,1.43092346191406,1.38777685165405,0.844465851783752,0.470222115516663,0.129762306809425,6.44199991226196
2017,0.0316127352416515,1.12786877155304,1.42579245567322,0.647239029407501,0.580200731754303,0.572123110294342,6.42399978637695
2017,0.0638292357325554,1.43362653255463,1.38456535339355,0.793984234333038,0.361466586589813,0.258360475301743,6.42199993133545
2017,0.0709140971302986,1.38439786434174,1.53209090232849,0.888960599899292,0.408781230449677,0.190133571624756,6.40299987792969
2017,0.439299255609512,1.87076568603516,1.27429687976837,0.710098087787628,0.604130983352661,0.330473870038986,6.375
2017,0.0466687418520451,1.07062232494354,1.4021829366684,0.595027923583984,0.477487415075302,0.149014472961426,6.35699987411499
2017,0.27343225479126,1.53062355518341,1.28667759895325,0.590148329734802,0.449750572443008,0.147616013884544,6.3439998626709
2017,0.0089648161083459,1.36135590076447,1.3802285194397,0.519983291625977,0.518630743026733,0.325296461582184,6.16800022125244
2017,0.215159550309181,1.63295245170593,1.25969874858856,0.632105708122253,0.496337592601776,0.228289797902107,6.10500001907349
2017,0.0242108516395092,1.32539355754852,1.50505924224854,0.712732911109924,0.295817464590073,0.136544480919838,6.09800004959106
2017,0.257042169570923,1.48841226100922,1.32311046123505,0.653133034706116,0.536746919155121,0.172668486833572,6.08699989318848
2017,0.0656007081270218,1.29121541976929,1.28464603424072,0.618784427642822,0.402264982461929,0.416608929634094,6.08400011062622
2017,0.130687981843948,0.737299203872681,1.28721570968628,0.653095960617065,0.447551846504211,0.301674216985703,6.07100009918213
2017,0.140134647488594,1.00082039833069,1.28616881370544,0.685636222362518,0.4551981985569,0.150112465023994,6.00799989700317
2017,0.0899809598922729,0.909784495830536,1.18212509155273,0.596018552780151,0.432452529668808,0.0782579854130745,6.00299978256226
2017,0.0593078061938286,1.29178786277771,1.44571197032928,0.699475347995758,0.520342111587524,0.158465966582298,5.97300004959106
2017,0.246528223156929,0.786441087722778,1.54896914958954,0.498272627592087,0.658248662948608,0.415983647108078,5.97100019454956
2017,0.0280280914157629,1.39506661891937,1.44492328166962,0.853144347667694,0.256450712680817,0.17278964817524,5.96400022506714
2017,0.0329628810286522,1.28177809715271,1.46928238868713,0.547349333763123,0.373783111572266,0.0522638224065304,5.96299982070923
2017,0.0965810716152191,0.907975316047668,1.08141779899597,0.450191766023636,0.547509372234344,0.240015640854836,5.95599985122681
2017,0.163760736584663,1.41691517829895,1.43633782863617,0.913475871086121,0.505625545978546,0.12057276815176,5.92000007629395
2017,0.0118656428530812,1.31458234786987,1.47351610660553,0.62894994020462,0.234231784939766,0.010164656676352,5.90199995040894
2017,0.146096110343933,1.09186446666718,1.1462174654007,0.617584645748138,0.233335807919502,0.0694366469979286,5.87200021743774
2017,0.0738427266478539,1.26074862480164,1.40471494197845,0.638566970825195,0.325707912445068,0.153074786067009,5.84999990463257
2017,0.0632826685905457,1.40167844295502,1.12827444076538,0.900214076042175,0.257921665906906,0.206674367189407,5.83799982070923
2017,0.0100912861526012,0.728870630264282,1.25182557106018,0.589465200901031,0.240729048848152,0.208779126405716,5.83799982070923
2017,0.00438790069893,1.21768391132355,1.15009129047394,0.685158312320709,0.457003742456436,0.133519917726517,5.82499980926514
2017,0.0604777261614799,0.833756566047668,1.22761905193329,0.473630249500275,0.558732926845551,0.22556072473526,5.82299995422363
2017,0.259270340204239,1.13077676296234,1.49314916133881,0.437726080417633,0.41827192902565,0.24992498755455,5.82200002670288
2017,0.119282886385918,1.28455626964569,1.38436901569366,0.606041550636292,0.437454283237457,0.201964423060417,5.81899976730347
2017,0.155353352427483,1.3469113111496,1.18630337715149,0.834647238254547,0.471203625202179,0.266845703125,5.80999994277954
2017,0.0451289787888527,1.3412059545517,1.45251882076263,0.790828227996826,0.572575807571411,0.242649093270302,5.75799989700317
2017,0.0470490865409374,1.03522527217865,1.21877038478851,0.630166113376617,0.450002878904343,0.126819714903831,5.71500015258789
2017,0.0421815551817417,1.18939554691315,1.20956099033356,0.638007462024689,0.491247326135635,0.360933750867844,5.62900018692017
2017,0.0412379764020443,1.35593807697296,1.13136327266693,0.84471470117569,0.355111539363861,0.271254301071167,5.62099981307983
2017,0.183248922228813,1.32087934017181,1.47667109966278,0.695168316364288,0.479131430387497,0.0988908112049103,5.61100006103516
2017,0.156313821673393,1.15655755996704,1.44494521617889,0.637714266777039,0.295400261878967,0.15513750910759,5.56899976730347
2017,0.0926102101802826,1.10180306434631,1.35756433010101,0.520169019699097,0.465733230113983,0.152073666453362,5.52500009536743
2017,0.0996715798974037,1.19827437400818,1.33775317668915,0.637605607509613,0.300740599632263,0.0466930419206619,5.5
2017,0.091065913438797,0.932537317276001,1.50728487968445,0.579250693321228,0.473507791757584,0.224150657653809,5.49300003051758
2017,0.293933749198914,1.55167484283447,1.26279091835022,0.943062424659729,0.490968644618988,0.374465793371201,5.47200012207031
2017,0.0993318930268288,0.85769921541214,1.25391757488251,0.468009054660797,0.585214674472809,0.193513423204422,5.42999982833862
2017,0.0409037806093693,1.06931757926941,1.25818979740143,0.65078467130661,0.208715528249741,0.220125883817673,5.39499998092651
2017,0.11980327218771,0.991012394428253,1.23908889293671,0.604590058326721,0.418421149253845,0.172170460224152,5.33599996566772
2017,0.0366369374096394,1.2860119342804,1.34313309192657,0.687763452529907,0.175863519310951,0.0784016624093056,5.32399988174438
2017,0.0552677810192108,0.925579309463501,1.36821806430817,0.641022384166718,0.474307239055634,0.233818337321281,5.31099987030029
2017,0.0431031100451946,1.22255623340607,0.96798300743103,0.701288521289825,0.255772292613983,0.248002976179123,5.29300022125244
2017,0.0574716180562973,0.951484382152557,1.13785350322723,0.541452050209045,0.260287940502167,0.319931447505951,5.27899980545044
2017,0.0227942746132612,1.08116579055786,1.16083741188049,0.741415500640869,0.472787708044052,0.0288068410009146,5.27299976348877
2017,0.124348066747189,0.72688353061676,0.672690689563751,0.402047783136368,0.23521526157856,0.315446019172668,5.26900005340576
2017,0.0153171354904771,0.995538592338562,1.27444469928741,0.492345720529556,0.443323463201523,0.611704587936401,5.26200008392334
2017,0.0644911229610443,1.12843120098114,1.43133759498596,0.617144227027893,0.153997123241425,0.0650196298956871,5.25
2017,0.0881741940975189,1.12112903594971,1.23837649822235,0.667464673519135,0.194989055395126,0.197911024093628,5.23699998855591
2017,0.0877631828188896,0.878114581108093,0.774864435195923,0.59771066904068,0.408158332109451,0.0322099551558495,5.2350001335144
2017,0.180987507104874,1.15360176563263,1.15240025520325,0.540775775909424,0.398155838251114,0.0452693402767181,5.23400020599365
2017,0.113945253193378,1.07937383651733,1.40241670608521,0.574873745441437,0.55258983373642,0.186967849731445,5.23000001907349
2017,0.04328977689147,1.28948748111725,1.23941457271576,0.810198903083801,0.0957312509417534,0.0,5.22700023651123
2017,0.037513829767704,1.07498753070831,1.12962424755096,0.735081076622009,0.288515985012054,0.264450758695602,5.22499990463257
2017,0.0158694516867399,1.3151752948761,1.36704301834106,0.795843541622162,0.498465299606323,0.0951027125120163,5.19500017166138
2017,0.0,0.982409417629242,1.0693359375,0.705186307430267,0.204403176903725,0.328867495059967,5.18200016021729
2017,0.0733454525470734,0.730573117733002,1.14394497871399,0.582569479942322,0.348079860210419,0.236188873648643,5.18100023269653
2017,0.0602777935564518,1.06457793712616,1.20789301395416,0.644948184490204,0.325905978679657,0.25376096367836,5.17500019073486
2017,0.282410323619843,0.0226431842893362,0.721151351928711,0.113989137113094,0.602126955986023,0.291631311178207,5.15100002288818
2017,0.0876332372426987,0.788547575473785,1.27749133110046,0.652168989181519,0.571055591106415,0.234968051314354,5.07399988174438
2017,0.0261215660721064,0.783756256103516,1.21577048301697,0.0569157302379608,0.394952565431595,0.230947196483612,5.07399988174438
2017,0.146377146244049,0.524713635444641,1.27146327495575,0.529235124588013,0.471566706895828,0.248997643589973,5.04099988937378
2017,0.173380389809608,0.885416388511658,1.34012651443481,0.495879292488098,0.501537680625916,0.474054545164108,5.01100015640259
2017,0.0394391790032387,0.596220076084137,1.39423859119415,0.553457796573639,0.454943388700485,0.42858037352562,5.00400018692017
2017,0.0729755461215973,0.479820191860199,1.17928326129913,0.504130780696869,0.440305948257446,0.394096165895462,4.96199989318848
2017,0.0329022891819477,1.02723586559296,1.4930112361908,0.557783484458923,0.394143968820572,0.338464230298996,4.95499992370605
2017,0.0725094974040985,1.05469870567322,1.38478863239288,0.187080070376396,0.479246735572815,0.139362379908562,4.8289999961853
2017,0.0867231488227844,1.00726580619812,0.868351459503174,0.613212049007416,0.289680689573288,0.0496933571994305,4.80499982833862
2017,0.0892826020717621,0.716249227523804,1.15564715862274,0.565666973590851,0.25471106171608,0.114173173904419,4.77500009536743
2017,0.114381365478039,0.989701807498932,0.997471392154694,0.520187258720398,0.282110154628754,0.128631442785263,4.7350001335144
2017,0.0110515309497714,1.1614590883255,1.43437945842743,0.708217680454254,0.289231717586517,0.113177694380283,4.71400022506714
2017,0.0710951760411263,0.36842092871666,0.984136044979095,0.0055647538974881,0.318697690963745,0.293040901422501,4.70900011062622
2017,0.0513066314160824,0.564305365085602,0.946018218994141,0.132892116904259,0.430388748645782,0.236298456788063,4.69500017166138
2017,0.048761073499918,1.15687310695648,0.711551249027252,0.639333188533783,0.249322608113289,0.387242913246155,4.69199991226196
2017,0.0398642159998417,0.996192753314972,0.803685247898102,0.731159746646881,0.381498634815216,0.201312944293022,4.64400005340576
2017,0.123717859387398,0.586682975292206,0.735131740570068,0.533241033554077,0.478356659412384,0.172255352139473,4.60799980163574
2017,0.0931469723582268,0.964434325695038,1.0984708070755,0.33861181139946,0.520303547382355,0.0771337449550629,4.57399988174438
2017,0.0646413192152977,0.560479462146759,1.06795072555542,0.309988349676132,0.452763766050339,0.444860309362411,4.55299997329712
2017,0.179436385631561,0.234305649995804,0.870701014995575,0.106654435396194,0.480791091918945,0.322228103876114,4.55000019073486
2017,0.188816204667091,0.367110550403595,1.12323594093323,0.397522568702698,0.514492034912109,0.838075160980225,4.54500007629395
2017,0.115460447967052,0.479309022426605,1.17969191074371,0.409362852573395,0.377922266721725,0.183468893170357,4.53499984741211
2017,0.0782135501503944,0.636406779289246,1.00318729877472,0.257835894823074,0.461603492498398,0.249580144882202,4.51399993896484
2017,0.107215754687786,1.10271048545837,0.978613197803497,0.501180469989777,0.288555532693863,0.19963726401329,4.49700021743774
2017,0.0760467872023582,1.1982102394104,1.1556202173233,0.356578588485718,0.312328577041626,0.0437853783369064,4.46500015258789
2017,0.165455713868141,0.339233845472336,0.86466920375824,0.353409707546234,0.408842742443085,0.312650740146637,4.46000003814697
2017,0.0736539661884308,1.00985014438629,1.25997638702393,0.625130832195282,0.561213254928589,0.490863561630249,4.44000005722046
2017,0.0266744215041399,0.900596737861633,1.00748372077942,0.637524425983429,0.198303267359734,0.0834880918264389,4.37599992752075
2017,0.0922268852591515,0.792221248149872,0.754372596740723,0.455427616834641,0.469987004995346,0.231538489460945,4.31500005722046
2017,0.136957004666328,0.648457288742065,1.2720308303833,0.285349279642105,0.0960980430245399,0.201870024204254,4.29199981689453
2017,0.0796181336045265,0.808964252471924,0.832044363021851,0.28995743393898,0.435025870800018,0.120852127671242,4.29099988937378
2017,0.251666635274887,0.950612664222717,0.57061493396759,0.649546980857849,0.309410035610199,0.0540088154375553,4.28599977493286
2017,0.0602413564920425,0.0921023488044739,1.22902345657349,0.191407024860382,0.235961347818375,0.246455833315849,4.28000020980835
2017,0.104970246553421,0.476180493831635,1.28147339820862,0.169365674257278,0.306613743305206,0.183354198932648,4.19000005722046
2017,0.130061775445938,0.603048920631409,0.904780030250549,0.0486421696841717,0.447706192731857,0.201237469911575,4.17999982833862
2017,0.0681059509515762,0.601765096187592,1.00623834133148,0.429783403873444,0.633375823497772,0.385922968387604,4.16800022125244
2017,0.089847519993782,0.65951669216156,1.21400856971741,0.290920823812485,0.0149958552792668,0.182317450642586,4.13899993896484
2017,0.0253363698720932,0.667224824428558,0.873664736747742,0.295637726783752,0.423026293516159,0.256923943758011,4.11999988555908
2017,0.0230294708162546,0.89465194940567,1.39453756809235,0.575903952121735,0.122974775731564,0.270061463117599,4.09600019454956
2017,0.057069718837738,0.381430715322495,1.12982773780823,0.217632606625557,0.443185955286026,0.325766056776047,4.08099985122681
2017,0.120328105986118,0.3502277135849,1.04328000545502,0.215844258666039,0.324367851018906,0.250864684581757,4.03200006484985
2017,0.138572946190834,0.161925330758095,0.993025004863739,0.26850500702858,0.36365869641304,0.228673845529556,4.02799987792969
2017,0.0727116540074348,0.233442038297653,0.512568831443787,0.315089583396912,0.466914653778076,0.287170469760895,3.97000002861023
2017,0.0535818822681904,0.438012987375259,0.953855872154236,0.0411347150802612,0.16234202682972,0.216113850474358,3.93600010871887
2017,0.0953753814101219,0.375846534967422,1.08309590816498,0.196763753890991,0.336384207010269,0.189143493771553,3.875
2017,0.119094640016556,0.521021246910095,1.19009518623352,0.0,0.390661299228668,0.157497271895409,3.80800008773804
2017,0.0697203353047371,0.858428180217743,1.10441195964813,0.0498686656355858,0.0,0.097926490008831,3.79500007629395
2017,0.0611578300595284,0.401477217674255,0.581543326377869,0.180746778845787,0.106179520487785,0.311870932579041,3.79399991035461
2017,0.0985831990838051,1.12209415435791,1.22155499458313,0.341755509376526,0.505196332931519,0.0993484482169151,3.76600003242493
2017,0.0609290152788162,0.431085407733917,0.435299843549728,0.209930211305618,0.425962775945663,0.207948461174965,3.65700006484985
2017,0.0672319754958153,0.305808693170547,0.913020372390747,0.375223308801651,0.189196765422821,0.208732530474663,3.64400005340576
2017,0.0998721495270729,0.368610262870789,0.640449821949005,0.277321130037308,0.0303698573261499,0.489203780889511,3.6029999256134
2017,0.0567674227058887,0.591683447360992,0.93538224697113,0.310080915689468,0.249463722109795,0.104125209152699,3.59299993515015
2017,0.116793513298035,0.39724862575531,0.601323127746582,0.163486003875732,0.147062435746193,0.285670816898346,3.59100008010864
2017,0.0389482490718365,0.119041793048382,0.872117936611176,0.229918196797371,0.332881182432175,0.26654988527298,3.53299999237061
2017,0.110937617719173,0.244549930095673,0.791244685649872,0.194129139184952,0.348587512969971,0.264815092086792,3.50699996948242
2017,0.0956650152802467,0.305444717407227,0.431882530450821,0.247105568647385,0.38042613863945,0.196896150708199,3.49499988555908
2017,0.455220013856888,0.368745893239975,0.945707023143768,0.326424807310104,0.581843852996826,0.252756029367447,3.47099995613098
2017,0.151347130537033,0.777153134346008,0.396102607250214,0.50053334236145,0.0815394446253777,0.493663728237152,3.46199989318848
2017,0.0660351067781448,0.511135876178741,1.04198980331421,0.364509284496307,0.390017777681351,0.354256361722946,3.34899997711182
2017,0.0841479450464249,0.091622568666935,0.629793584346771,0.151610791683197,0.0599007532000542,0.204435184597969,2.90499997138977
2017,0.0565650761127472,0.0,0.0,0.0187726859003305,0.270842045545578,0.280876487493515,2.69300007820129
2018,0.393,1.305,1.592,0.874,0.681,0.202,7.632
2018,0.34,1.456,1.582,0.861,0.686,0.286,7.594
2018,0.408,1.351,1.59,0.868,0.683,0.284,7.555
2018,0.138,1.343,1.644,0.914,0.677,0.353,7.495
2018,0.357,1.42,1.549,0.927,0.66,0.256,7.487
2018,0.295,1.361,1.488,0.878,0.638,0.333,7.441
2018,0.291,1.33,1.532,0.896,0.653,0.321,7.328
2018,0.389,1.268,1.601,0.876,0.669,0.365,7.324
2018,0.383,1.355,1.501,0.913,0.659,0.285,7.314
2018,0.302,1.34,1.573,0.91,0.647,0.361,7.272
2018,0.082,1.244,1.433,0.888,0.464,0.262,7.19
2018,0.224,1.341,1.504,0.891,0.617,0.242,7.139
2018,0.101,1.01,1.459,0.817,0.632,0.143,7.072
2018,0.306,1.448,1.583,0.876,0.614,0.307,6.977
2018,0.28,1.34,1.474,0.861,0.586,0.273,6.965
2018,0.24,1.324,1.483,0.894,0.583,0.188,6.927
2018,0.321,1.576,1.52,0.896,0.632,0.196,6.91
2018,0.133,1.398,1.471,0.819,0.547,0.291,6.886
2018,0.272,1.301,1.559,0.883,0.533,0.354,6.814
2018,,2.096,0.776,0.67,0.284,0.186,6.774
2018,0.034,1.233,1.489,0.854,0.543,0.064,6.711
2018,0.142,1.27,1.525,0.884,0.645,0.376,6.627
2018,0.176,1.293,1.466,0.908,0.52,0.098,6.489
2018,0.095,1.038,1.252,0.761,0.479,0.069,6.488
2018,0.061,1.131,1.331,0.808,0.431,0.197,6.476
2018,0.078,1.365,1.436,0.857,0.418,0.151,6.441
2018,0.063,1.112,1.438,0.759,0.597,0.125,6.43
2018,0.088,0.986,1.474,0.675,0.493,0.11,6.419
2018,0.054,1.073,1.468,0.744,0.57,0.062,6.388
2018,0.071,0.781,1.268,0.608,0.604,0.179,6.382
2018,0.155,1.093,1.459,0.771,0.625,0.13,6.379
2018,0.171,1.649,1.303,0.748,0.654,0.256,6.374
2018,0.127,1.379,1.331,0.633,0.509,0.098,6.371
2018,0.457,1.529,1.451,1.008,0.631,0.261,6.343
2018,0.059,1.161,1.258,0.669,0.356,0.311,6.322
2018,0.074,1.251,1.538,0.965,0.449,0.142,6.31
2018,0.039,0.96,1.439,0.635,0.531,0.099,6.26
2018,0.019,1.223,1.492,0.564,0.575,0.171,6.192
2018,0.014,1.21,1.537,0.776,0.354,0.118,6.173
2018,0.082,0.806,1.231,0.639,0.461,0.065,6.167
2018,0.128,0.668,1.319,0.7,0.527,0.208,6.141
2018,0.064,1.176,1.448,0.781,0.546,0.108,6.123
2018,0.123,1.338,1.366,0.698,0.594,0.243,6.105
2018,0.259,0.719,1.584,0.605,0.724,0.328,6.096
2018,0.106,1.474,1.301,0.675,0.554,0.167,6.083
2018,0.029,1.016,1.417,0.707,0.637,0.364,6.072
2018,0.028,1.264,1.501,0.946,0.281,0.137,6.0
2018,0.12,0.889,1.33,0.736,0.556,0.114,5.973
2018,0.089,0.807,1.101,0.474,0.593,0.183,5.956
2018,0.006,1.197,1.527,0.716,0.35,0.026,5.952
2018,0.051,1.219,1.506,0.856,0.633,0.16,5.948
2018,0.001,1.116,1.219,0.726,0.528,0.088,5.945
2018,0.066,1.148,1.454,0.671,0.363,0.092,5.933
2018,0.15,1.294,1.462,0.988,0.553,0.079,5.915
2018,0.05,1.09,1.387,0.684,0.584,0.245,5.891
2018,0.031,0.819,1.493,0.693,0.575,0.096,5.89
2018,0.051,1.266,1.204,0.955,0.244,0.175,5.875
2018,0.154,1.229,1.211,0.909,0.495,0.179,5.835
2018,0.025,1.151,1.479,0.599,0.399,0.065,5.81
2018,0.121,1.143,1.516,0.631,0.454,0.148,5.79
2018,0.035,1.229,1.191,0.909,0.423,0.202,5.762
2018,0.054,0.751,1.223,0.508,0.606,0.141,5.752
2018,0.174,1.2,1.532,0.737,0.553,0.086,5.739
2018,0.074,0.835,1.522,0.615,0.541,0.162,5.681
2018,0.034,0.934,1.249,0.674,0.53,0.092,5.663
2018,0.023,0.855,1.23,0.578,0.448,0.274,5.662
2018,0.0,0.657,1.301,0.62,0.232,0.171,5.64
2018,0.037,1.016,1.533,0.517,0.417,0.199,5.636
2018,0.022,1.171,1.401,0.732,0.259,0.061,5.62
2018,0.148,0.985,1.35,0.553,0.496,0.116,5.566
2018,0.105,0.775,1.312,0.513,0.643,0.12,5.524
2018,0.074,0.62,1.205,0.622,0.459,0.197,5.504
2018,0.154,1.039,1.498,0.7,0.307,0.101,5.483
2018,0.109,1.148,1.38,0.686,0.324,0.106,5.483
2018,0.113,0.652,0.81,0.424,0.334,0.216,5.472
2018,0.291,1.405,1.29,1.03,0.524,0.246,5.43
2018,0.017,1.188,1.429,0.884,0.562,0.055,5.41
2018,0.043,0.975,1.369,0.685,0.288,0.134,5.398
2018,0.044,1.154,1.202,0.879,0.131,0.0,5.358
2018,0.136,0.965,1.179,0.785,0.503,0.214,5.358
2018,0.081,1.017,1.279,0.729,0.259,0.111,5.347
2018,0.039,1.115,1.161,0.737,0.38,0.12,5.321
2018,0.106,0.982,1.441,0.614,0.578,0.12,5.302
2018,0.135,0.979,1.154,0.687,0.077,0.055,5.295
2018,0.074,0.779,0.797,0.669,0.46,0.026,5.254
2018,0.103,0.989,1.142,0.799,0.597,0.029,5.246
2018,0.176,1.024,1.161,0.603,0.43,0.031,5.201
2018,0.034,0.474,1.166,0.598,0.292,0.187,5.199
2018,0.052,0.959,1.239,0.691,0.394,0.173,5.185
2018,0.134,0.822,1.265,0.645,0.468,0.13,5.161
2018,0.032,0.689,1.172,0.048,0.462,0.201,5.155
2018,0.035,0.53,1.416,0.594,0.54,0.281,5.131
2018,0.0,0.915,1.078,0.758,0.28,0.216,5.129
2018,0.032,0.914,1.517,0.575,0.395,0.253,5.125
2018,0.079,0.715,1.365,0.702,0.618,0.177,5.103
2018,0.018,0.899,1.215,0.522,0.538,0.484,5.093
2018,0.171,0.796,1.335,0.527,0.541,0.364,5.082
2018,0.282,0.0,0.712,0.115,0.674,0.238,4.982
2018,0.043,0.535,0.891,0.182,0.454,0.183,4.975
2018,0.009,1.054,1.515,0.712,0.359,0.064,4.933
2018,0.078,0.425,1.228,0.539,0.526,0.302,4.88
2018,0.052,0.996,1.469,0.657,0.133,0.056,4.806
2018,0.052,1.036,1.164,0.404,0.356,0.032,4.758
2018,0.076,0.642,1.217,0.602,0.266,0.086,4.743
2018,0.056,0.94,1.41,0.33,0.516,0.103,4.724
2018,0.129,1.059,0.771,0.691,0.459,0.282,4.707
2018,0.103,0.541,0.872,0.08,0.467,0.146,4.671
2018,0.029,0.592,0.896,0.337,0.499,0.212,4.657
2018,0.082,0.429,1.117,0.433,0.406,0.138,4.631
2018,0.174,0.72,1.034,0.441,0.626,0.23,4.623
2018,0.063,0.9,0.906,0.69,0.271,0.04,4.592
2018,0.032,0.916,0.817,0.79,0.419,0.149,4.586
2018,0.053,0.256,0.813,0.0,0.355,0.238,4.571
2018,0.077,0.682,0.811,0.343,0.514,0.091,4.559
2018,0.144,0.532,0.85,0.579,0.58,0.153,4.5
2018,0.05,0.918,1.314,0.672,0.585,0.307,4.471
2018,0.095,1.01,0.971,0.536,0.304,0.148,4.456
2018,0.056,0.37,1.233,0.152,0.367,0.139,4.447
2018,0.064,0.874,1.281,0.365,0.519,0.051,4.441
2018,0.065,0.549,1.088,0.457,0.696,0.256,4.433
2018,0.128,0.314,1.097,0.254,0.312,0.175,4.424
2018,0.107,0.885,1.025,0.553,0.312,0.092,4.419
2018,0.158,0.198,0.902,0.173,0.531,0.206,4.417
2018,0.055,0.493,1.048,0.454,0.504,0.352,4.41
2018,0.082,0.562,1.047,0.295,0.503,0.221,4.377
2018,0.093,0.557,1.245,0.292,0.129,0.134,4.356
2018,0.146,0.308,0.95,0.391,0.452,0.22,4.35
2018,0.215,0.853,0.592,0.643,0.375,0.038,4.34
2018,0.028,0.816,0.99,0.666,0.26,0.077,4.321
2018,0.178,0.682,1.174,0.429,0.58,0.598,4.308
2018,0.06,0.358,0.907,0.053,0.189,0.181,4.301
2018,0.052,0.069,1.136,0.204,0.312,0.197,4.245
2018,0.093,0.721,0.747,0.485,0.539,0.172,4.19
2018,0.099,0.131,0.867,0.221,0.39,0.175,4.166
2018,0.061,0.322,1.09,0.237,0.45,0.259,4.161
2018,0.067,0.378,0.372,0.24,0.44,0.163,4.141
2018,0.082,0.605,1.24,0.312,0.016,0.134,4.139
2018,0.011,0.793,1.413,0.609,0.163,0.187,4.103
2018,0.101,0.259,0.474,0.253,0.434,0.158,3.999
2018,0.094,0.344,0.792,0.211,0.394,0.185,3.964
2018,0.112,0.472,1.215,0.079,0.423,0.116,3.808
2018,0.061,0.73,1.125,0.269,0.0,0.079,3.795
2018,0.049,0.262,0.908,0.402,0.221,0.155,3.774
2018,0.099,0.357,1.094,0.248,0.406,0.132,3.692
2018,0.036,0.332,0.537,0.255,0.085,0.191,3.632
2018,0.092,1.017,1.174,0.417,0.557,0.042,3.59
2018,0.08,0.186,0.541,0.306,0.531,0.21,3.587
2018,0.104,0.315,0.714,0.289,0.025,0.392,3.582
2018,0.03,0.076,0.858,0.267,0.419,0.206,3.495
2018,0.144,0.689,0.382,0.539,0.088,0.376,3.462
2018,0.444,0.332,0.896,0.4,0.636,0.2,3.408
2018,0.064,0.442,1.073,0.343,0.244,0.083,3.355
2018,0.097,0.455,0.991,0.381,0.481,0.27,3.303
2018,0.106,0.337,0.608,0.177,0.112,0.224,3.254
2018,0.038,0.024,0.0,0.01,0.305,0.218,3.083
2018,0.076,0.091,0.627,0.145,0.065,0.149,2.905
2019,0.393,1.34,1.587,0.986,0.596,0.153,7.769
2019,0.41,1.383,1.573,0.996,0.592,0.252,7.6
2019,0.341,1.488,1.582,1.028,0.603,0.271,7.554
2019,0.118,1.38,1.624,1.026,0.591,0.354,7.494
2019,0.298,1.396,1.522,0.999,0.557,0.322,7.488
2019,0.343,1.452,1.526,1.052,0.572,0.263,7.48
2019,0.373,1.387,1.487,1.009,0.574,0.267,7.343
2019,0.38,1.303,1.557,1.026,0.585,0.33,7.307
2019,0.308,1.365,1.505,1.039,0.584,0.285,7.278
2019,0.226,1.376,1.475,1.016,0.532,0.244,7.246
2019,0.29,1.372,1.548,1.036,0.557,0.332,7.228
2019,0.093,1.034,1.441,0.963,0.558,0.144,7.167
2019,0.082,1.276,1.455,1.029,0.371,0.261,7.139
2019,0.316,1.609,1.479,1.012,0.526,0.194,7.09
2019,0.278,1.333,1.538,0.996,0.45,0.348,7.054
2019,0.31,1.499,1.553,0.999,0.516,0.298,7.021
2019,0.265,1.373,1.454,0.987,0.495,0.261,6.985
2019,0.21,1.356,1.504,0.986,0.473,0.16,6.923
2019,0.128,1.433,1.457,0.874,0.454,0.28,6.892
2019,0.036,1.269,1.487,0.92,0.457,0.046,6.852
2019,0.182,1.503,1.31,0.825,0.598,0.262,6.825
2019,0.151,1.3,1.52,0.999,0.564,0.375,6.726
2019,0.073,1.07,1.323,0.861,0.433,0.074,6.595
2019,0.183,1.324,1.472,1.045,0.436,0.111,6.592
2019,0.097,1.368,1.43,0.914,0.351,0.242,6.446
2019,0.056,1.159,1.369,0.92,0.357,0.187,6.444
2019,0.078,0.8,1.269,0.746,0.535,0.175,6.436
2019,0.132,1.403,1.357,0.795,0.439,0.08,6.375
2019,0.167,1.684,1.313,0.871,0.555,0.22,6.374
2019,0.079,1.286,1.484,1.062,0.362,0.153,6.354
2019,0.054,1.149,1.442,0.91,0.516,0.109,6.321
2019,0.086,1.004,1.439,0.802,0.39,0.099,6.3
2019,0.15,1.124,1.465,0.891,0.523,0.127,6.293
2019,0.453,1.572,1.463,1.141,0.556,0.271,6.262
2019,0.074,0.794,1.242,0.789,0.43,0.093,6.253
2019,0.03,1.294,1.488,1.039,0.231,0.158,6.223
2019,0.11,1.362,1.368,0.871,0.536,0.255,6.199
2019,0.014,1.246,1.504,0.881,0.334,0.121,6.198
2019,0.016,1.231,1.477,0.713,0.489,0.185,6.192
2019,0.05,1.206,1.438,0.884,0.483,0.117,6.182
2019,0.24,0.745,1.529,0.756,0.631,0.322,6.174
2019,0.042,1.238,1.515,0.818,0.291,0.043,6.149
2019,0.034,0.985,1.41,0.841,0.47,0.099,6.125
2019,0.057,1.258,1.523,0.953,0.564,0.144,6.118
2019,0.127,0.694,1.325,0.835,0.435,0.2,6.105
2019,0.006,0.882,1.232,0.758,0.489,0.262,6.1
2019,0.05,1.092,1.432,0.881,0.471,0.066,6.086
2019,0.005,1.162,1.232,0.825,0.462,0.083,6.07
2019,0.041,1.263,1.223,1.042,0.406,0.19,6.046
2019,0.087,0.912,1.312,0.868,0.498,0.126,6.028
2019,0.097,1.5,1.319,0.808,0.493,0.142,6.021
2019,0.028,1.05,1.409,0.828,0.557,0.359,6.008
2019,0.064,1.187,1.465,0.812,0.264,0.075,5.94
2019,0.056,1.301,1.219,1.036,0.159,0.175,5.895
2019,0.161,1.237,1.528,0.874,0.495,0.103,5.893
2019,0.028,0.831,1.478,0.831,0.49,0.107,5.89
2019,0.06,1.12,1.402,0.798,0.498,0.215,5.888
2019,0.14,1.327,1.419,1.088,0.445,0.069,5.886
2019,0.078,0.642,1.236,0.828,0.507,0.246,5.86
2019,0.096,1.173,1.508,0.729,0.41,0.146,5.809
2019,0.064,0.776,1.209,0.706,0.511,0.137,5.779
2019,0.02,1.201,1.41,0.828,0.199,0.081,5.758
2019,0.08,0.855,1.475,0.777,0.514,0.184,5.743
2019,0.162,1.263,1.252,1.042,0.417,0.191,5.718
2019,0.027,0.96,1.274,0.854,0.455,0.083,5.697
2019,0.025,1.221,1.431,0.999,0.508,0.047,5.693
2019,0.098,0.677,0.886,0.535,0.313,0.22,5.653
2019,0.031,1.183,1.452,0.726,0.334,0.082,5.648
2019,0.107,0.807,1.293,0.657,0.558,0.117,5.631
2019,0.039,1.004,1.383,0.854,0.282,0.137,5.603
2019,0.0,0.685,1.328,0.739,0.245,0.181,5.529
2019,0.152,1.044,1.303,0.673,0.416,0.133,5.525
2019,0.08,1.051,1.361,0.871,0.197,0.142,5.523
2019,0.144,0.493,1.098,0.718,0.389,0.23,5.467
2019,0.022,1.155,1.266,0.914,0.296,0.119,5.432
2019,0.287,1.438,1.277,1.122,0.44,0.258,5.43
2019,0.101,1.015,1.401,0.779,0.497,0.113,5.425
2019,0.006,0.945,1.212,0.845,0.212,0.263,5.386
2019,0.106,1.183,1.36,0.808,0.195,0.083,5.373
2019,0.024,1.221,1.171,0.828,0.508,0.26,5.339
2019,0.142,1.067,1.465,0.789,0.235,0.094,5.323
2019,0.034,1.181,1.156,0.999,0.067,0.0,5.287
2019,0.038,0.948,1.531,0.667,0.317,0.235,5.285
2019,0.034,0.983,1.294,0.838,0.345,0.185,5.274
2019,0.041,0.696,1.111,0.245,0.426,0.215,5.265
2019,0.023,0.551,1.438,0.723,0.508,0.3,5.261
2019,0.028,1.052,1.538,0.657,0.394,0.244,5.247
2019,0.114,1.002,1.16,0.785,0.086,0.073,5.211
2019,0.076,0.801,0.782,0.782,0.418,0.036,5.208
2019,0.182,1.043,1.147,0.769,0.351,0.035,5.208
2019,0.027,0.987,1.224,0.815,0.216,0.166,5.197
2019,0.028,0.931,1.203,0.66,0.491,0.498,5.192
2019,0.1,1.029,1.125,0.893,0.521,0.058,5.191
2019,0.073,0.741,1.346,0.851,0.543,0.147,5.175
2019,0.167,0.813,1.321,0.604,0.457,0.37,5.082
2019,0.037,0.549,0.91,0.331,0.381,0.187,5.044
2019,0.004,1.092,1.513,0.815,0.311,0.081,5.011
2019,0.04,0.611,0.868,0.486,0.381,0.245,4.996
2019,0.09,0.569,0.808,0.232,0.352,0.154,4.944
2019,0.089,0.446,1.226,0.677,0.439,0.285,4.913
2019,0.13,0.837,1.225,0.815,0.383,0.11,4.906
2019,0.082,0.393,0.437,0.397,0.349,0.175,4.883
2019,0.093,0.673,0.799,0.508,0.372,0.105,4.812
2019,0.055,1.057,1.183,0.571,0.295,0.043,4.799
2019,0.164,0.764,1.03,0.551,0.547,0.266,4.796
2019,0.055,0.96,1.351,0.469,0.389,0.13,4.722
2019,0.027,0.947,0.848,0.874,0.383,0.178,4.719
2019,0.047,0.96,1.427,0.805,0.154,0.064,4.707
2019,0.062,0.574,1.122,0.637,0.609,0.232,4.7
2019,0.066,0.657,1.247,0.672,0.225,0.103,4.696
2019,0.072,0.45,1.134,0.571,0.292,0.153,4.681
2019,0.27,0.0,0.698,0.268,0.559,0.243,4.668
2019,0.056,0.879,1.313,0.477,0.401,0.07,4.639
2019,0.102,0.138,0.774,0.366,0.318,0.188,4.628
2019,0.113,0.331,1.056,0.38,0.255,0.177,4.587
2019,0.064,0.85,1.055,0.815,0.283,0.095,4.559
2019,0.125,1.1,0.842,0.785,0.305,0.27,4.548
2019,0.086,0.38,0.829,0.375,0.332,0.207,4.534
2019,0.164,0.886,0.666,0.752,0.346,0.043,4.519
2019,0.167,0.308,0.939,0.428,0.382,0.269,4.516
2019,0.053,0.512,0.983,0.581,0.431,0.372,4.509
2019,0.088,0.57,1.167,0.489,0.066,0.106,4.49
2019,0.138,0.204,0.986,0.39,0.494,0.197,4.466
2019,0.055,0.921,1.0,0.815,0.167,0.059,4.461
2019,0.143,0.562,0.928,0.723,0.527,0.166,4.456
2019,0.089,1.043,0.98,0.574,0.241,0.148,4.437
2019,0.053,0.094,1.125,0.357,0.269,0.212,4.418
2019,0.052,0.385,1.105,0.308,0.327,0.153,4.39
2019,0.045,0.268,0.841,0.242,0.309,0.252,4.374
2019,0.047,0.949,1.265,0.831,0.47,0.244,4.366
2019,0.172,0.71,1.181,0.555,0.525,0.566,4.36
2019,0.078,0.35,0.766,0.192,0.174,0.198,4.35
2019,0.01,0.82,1.39,0.739,0.178,0.187,4.332
2019,0.1,0.336,1.033,0.532,0.344,0.209,4.286
2019,0.135,0.811,1.149,0.0,0.313,0.074,4.212
2019,0.06,0.332,1.069,0.443,0.356,0.252,4.189
2019,0.067,0.913,1.039,0.644,0.241,0.076,4.166
2019,0.087,0.578,1.058,0.426,0.431,0.247,4.107
2019,0.085,0.275,0.572,0.41,0.293,0.177,4.085
2019,0.085,0.755,0.765,0.588,0.498,0.2,4.015
2019,0.033,0.073,0.922,0.443,0.37,0.233,3.975
2019,0.078,0.274,0.757,0.505,0.142,0.275,3.973
2019,0.041,0.274,0.916,0.555,0.148,0.169,3.933
2019,0.093,0.489,1.169,0.168,0.359,0.107,3.802
2019,0.18,0.046,0.447,0.38,0.22,0.176,3.775
2019,0.089,0.366,1.114,0.433,0.361,0.151,3.663
2019,0.11,0.323,0.688,0.449,0.026,0.419,3.597
2019,0.1,1.041,1.145,0.538,0.455,0.025,3.488
2019,0.141,0.619,0.378,0.44,0.013,0.331,3.462
2019,0.089,0.191,0.56,0.495,0.443,0.218,3.41
2019,0.077,0.287,1.163,0.463,0.143,0.108,3.38
2019,0.411,0.359,0.711,0.614,0.555,0.217,3.334
2019,0.147,0.476,0.885,0.499,0.417,0.276,3.231
2019,0.025,0.35,0.517,0.361,0.0,0.158,3.203
2019,0.035,0.026,0.0,0.105,0.225,0.235,3.083
2019,0.091,0.306,0.575,0.295,0.01,0.202,2.853
2020,0.195444583892822,10.6392669677734,0.9543297290802,71.9008255004883,0.94917219877243,-0.0594820193946362,7.80870008468628
2020,0.168489456176758,10.774001121521,0.955990791320801,72.4025039672852,0.951444268226624,0.066201776266098,7.64559984207153
2020,0.303728431463242,10.9799327850342,0.942846596240997,74.1024475097656,0.921336650848389,0.105911038815975,7.55989980697632
2020,0.71170973777771,10.7725591659546,0.974669575691223,73.0,0.948891878128052,0.246944218873978,7.50449991226196
2020,0.263218194246292,11.0878038406372,0.952486574649811,73.2007827758789,0.955750286579132,0.134532630443573,7.48799991607666
2020,0.364717125892639,10.8127117156982,0.939138829708099,72.3009185791016,0.908547818660736,0.207612439990044,7.44890022277832
2020,0.250880181789398,10.7587938308716,0.926311194896698,72.6007690429688,0.939144194126129,0.111614622175694,7.35349988937378
2020,0.221138849854469,10.5009431838989,0.949118971824646,73.2026290893555,0.936217486858368,0.191598072648048,7.29960012435913
2020,0.499954879283905,10.742823600769,0.928045868873596,73.0025024414063,0.899989485740662,0.0854292213916779,7.29419994354248
2020,0.367084294557571,11.4506807327271,0.906912207603455,72.5999984741211,0.905636429786682,-0.0046205879189074,7.23750019073486
2020,0.390843361616135,10.6923685073853,0.927176654338837,73.6016006469727,0.933913230895996,0.124770767986774,7.23210000991821
2020,0.4151691198349,10.7205963134766,0.944854617118835,73.6045379638672,0.91543173789978,0.190460160374641,7.22279977798462
2020,0.435915917158127,10.6001348495483,0.936682820320129,72.3016052246094,0.834743678569794,0.263732492923737,7.16450023651123
2020,0.780855059623718,10.4175252914429,0.913571238517761,73.2002563476563,0.747580587863922,0.102593719959259,7.12860012054443
2020,0.786332428455353,9.6581563949585,0.901545941829681,71.2998504638672,0.93473893404007,-0.102429710328579,7.12139987945557
2020,0.357184171676636,11.1609783172607,0.942081570625305,72.3007888793945,0.886982977390289,0.145784974098206,7.09369993209839
2020,0.456422030925751,10.7328186035156,0.898874461650848,72.202018737793,0.867371082305908,0.0801793858408928,7.0757999420166
2020,0.699715316295624,10.9257688522339,0.91421902179718,68.2994995117188,0.84261953830719,0.14989173412323,6.93959999084473
2020,0.85844624042511,10.4041633605957,0.914430677890778,70.0479354858398,0.818537354469299,-0.230861514806747,6.9109001159668
2020,0.61229795217514,10.6736392974854,0.911632537841797,72.0016479492188,0.813582062721252,-0.0786911994218826,6.86350011825562
2020,0.594502210617065,11.1099987030029,0.849181115627289,67.0827865600586,0.941345512866974,0.123450845479965,6.79080009460449
2020,0.658547282218933,10.5338382720947,0.930379509925842,72.1999969482422,0.924911439418793,0.214965805411339,6.77279996871948
2020,0.583521127700806,10.5842227935791,0.937103748321533,73.8019332885742,0.825467646121979,-0.130641967058182,6.66379976272583
2020,0.806821584701538,9.79779720306397,0.838665425777435,68.2990264892578,0.858709275722504,-0.175266623497009,6.46500015258789
2020,0.731882929801941,10.7756853103638,0.894309103488922,69.5999984741211,0.771530330181122,-0.0731986984610558,6.45539999008179
2020,0.635994136333466,9.94819259643555,0.922811269760132,69.0025482177734,0.892395436763763,-0.101103112101555,6.44010019302368
2020,0.682619512081146,10.797812461853,0.874067068099976,66.3051452636719,0.854191243648529,-0.168695062398911,6.4064998626709
2020,0.76585990190506,10.462926864624,0.921125411987305,74.4027099609375,0.751989543437958,-0.0509617142379284,6.40089988708496
2020,0.783237457275391,8.92480564117432,0.816621482372284,64.8089447021484,0.908147573471069,-0.0429386645555496,6.39890003204346
2020,0.873404681682587,10.4818363189697,0.889878571033478,73.6016845703125,0.664651989936829,-0.0434609986841679,6.38740015029907
2020,0.109784193336964,11.3955211639404,0.91026896238327,76.8045806884766,0.926645338535309,0.0298792235553265,6.37709999084473
2020,0.770601272583008,9.56643486022949,0.896723806858063,66.4801635742188,0.79980480670929,-0.101812392473221,6.37559986114502
2020,0.81707102060318,10.3923225402832,0.939575672149658,71.1029891967773,0.93614262342453,-0.0806033834815025,6.36339998245239
2020,0.754319906234741,8.90907573699951,0.806092262268066,66.1082611083984,0.83380526304245,-0.121072977781296,6.34829998016357
2020,0.922328293323517,9.20442962646484,0.82072651386261,63.885555267334,0.861535906791687,0.190933763980865,6.32520008087158
2020,0.851588904857636,10.034234046936,0.902094483375549,69.6030120849609,0.880366504192352,-0.153927713632584,6.30480003356934
2020,0.918096125125885,10.347749710083,0.922493755817413,68.9063415527344,0.749952673912048,-0.124409303069115,6.28060007095337
2020,0.501497387886047,8.74037170410156,0.926595807075501,65.1075744628906,0.974998116493225,0.248427152633667,6.25759983062744
2020,0.838239431381226,10.032054901123,0.879713594913483,69.9006195068359,0.744896292686462,-0.0656683668494225,6.22849988937378
2020,0.739347100257874,10.6763801574707,0.876342117786408,68.5,0.905855774879456,0.133729189634323,6.22730016708374
2020,0.809583842754364,10.3436260223389,0.926107108592987,67.294075012207,0.747381448745728,-0.219725295901299,6.21549987792969
2020,0.912230610847473,10.2600021362305,0.915294170379639,63.5,0.857907116413117,0.0005268406821414,6.19189977645874
2020,0.686927020549774,10.2651243209839,0.874257445335388,69.3111343383789,0.862055778503418,-0.205084070563316,6.1862998008728
2020,0.864571809768677,9.50036907196045,0.884440243244171,67.6995849609375,0.836179912090302,-0.161235645413399,6.16340017318726
2020,0.856271743774414,10.4057025909424,0.805996239185333,73.7022247314453,0.779858291149139,0.0437314957380295,6.15899991989136
2020,0.665950119495392,8.49316024780273,0.857497036457062,67.5071792602539,0.863902866840363,0.0209591407328844,6.13710021972656
2020,0.934300243854523,10.1075839996338,0.825161516666412,67.2072372436523,0.842823207378388,-0.197815209627152,6.12370014190674
2020,0.760849058628082,11.0898246765137,0.84647524356842,66.7676467895508,0.872366487979889,-0.100184701383114,6.1020998954773
2020,0.805343091487885,9.95678615570068,0.91035783290863,66.4043426513672,0.889534533023834,-0.018318573012948,6.10129976272583
2020,0.764490842819214,10.1146583557129,0.934744894504547,64.6099624633789,0.811601936817169,-0.068488635122776,6.05789995193481
2020,0.623073816299439,10.3400173187256,0.934729993343353,68.6049575805664,0.877709150314331,-0.111697770655155,6.02180004119873
2020,0.733634114265442,8.99354553222656,0.846730053424835,61.9267616271973,0.915463447570801,-0.10546300560236,6.00600004196167
2020,0.89291650056839,10.2492437362671,0.921934127807617,67.6099700927734,0.718964576721191,-0.194323018193245,6.00040006637573
2020,0.886272311210632,9.74179172515869,0.889973223209381,67.2505950927734,0.905063033103943,0.268685191869736,5.9987998008728
2020,0.842009842395783,9.81095504760742,0.900567948818207,68.8038024902344,0.831132411956787,-0.194913864135742,5.97469997406006
2020,0.801131904125214,8.42453479766846,0.821870148181915,67.1987686157227,0.870603263378143,0.0869691148400307,5.95319986343384
2020,0.795580089092255,10.1753196716309,0.918288588523865,66.8074645996094,0.671237647533417,-0.186888843774796,5.94999980926514
2020,0.80121511220932,9.24605846405029,0.836418986320496,68.5000381469727,0.859828948974609,-0.127014964818954,5.92519998550415
2020,0.892629504203796,10.2637424468994,0.886590719223023,72.4020233154297,0.888747811317444,-0.220714300870895,5.9109001159668
2020,0.888890027999878,9.00625038146973,0.915701866149902,67.0999984741211,0.858068525791168,-0.125106766819954,5.88980007171631
2020,0.789067447185516,10.5105667114258,0.799387156963348,73.6027297973633,0.612965106964111,-0.0434040315449238,5.87239980697632
2020,0.654558062553406,10.5796890258789,0.883545935153961,75.0009689331055,0.809961378574371,-0.246910348534584,5.87080001831055
2020,0.893714964389801,9.45631313323975,0.831075251102448,68.1002349853516,0.824766099452972,-0.16238822042942,5.79680013656616
2020,0.843509018421173,9.68098068237305,0.881475746631622,68.210205078125,0.726495862007141,-0.0736762210726738,5.77820014953613
2020,0.822606205940247,8.85111522674561,0.80310869216919,63.600471496582,0.875873327255249,-0.0916811302304268,5.74749994277954
2020,0.745705425739288,8.48272705078125,0.689062297344208,58.2531356811523,0.734833717346191,0.044899869710207,5.69329977035523
2020,0.834788501262665,9.38998222351074,0.898727893829346,65.6399383544922,0.885923445224762,0.0079977130517363,5.69210004806519
2020,0.75599992275238,9.66488075256348,0.882085382938385,65.807487487793,0.866202771663666,-0.13126328587532,5.68919992446899
2020,0.933769106864929,9.45581722259522,0.829204142093658,67.8081359863281,0.65135270357132,0.0982745587825775,5.67409992218018
2020,0.913314282894135,8.77671432495117,0.843313574790955,65.0130157470703,0.721609175205231,-0.0377410389482975,5.60750007629395
2020,0.592076063156128,8.02481079101563,0.835297107696533,64.1045913696289,0.831383407115936,-0.0250885114073753,5.55569982528687
2020,0.783121585845947,9.75186061859131,0.855314612388611,68.5053482055664,0.649565637111664,-0.0756003558635712,5.54610013961792
2020,0.864802598953247,10.1288719177246,0.903150737285614,64.100456237793,0.729892611503601,-0.151153743267059,5.5460000038147
2020,0.888396084308624,8.14840507507324,0.887228488922119,64.1060104370117,0.909374892711639,0.154772058129311,5.54150009155273
2020,0.635711669921875,9.77994537353516,0.906747460365295,66.1043319702148,0.639163076877594,-0.164926543831825,5.53989982604981
2020,0.626115679740906,10.4057025909424,0.820356607437134,73.7022247314453,0.795293509960175,0.0002271585253765,5.53550004959106
2020,0.859931409358978,10.1323261260986,0.814380347728729,72.4052581787109,0.541345119476318,-0.300907373428345,5.5149998664856
2020,0.420607209205627,10.9346714019775,0.845969080924988,76.7717056274414,0.779833793640137,0.134979903697968,5.51039981842041
2020,0.916495263576508,10.0708751678467,0.874623715877533,70.2149047851563,0.714838802814484,-0.128538325428963,5.50470018386841
2020,0.668779134750366,9.78981590270996,0.825942933559418,62.2999992370606,0.773157000541687,-0.085054486989975,5.48880004882813
2020,0.863511204719544,9.41218662261963,0.937142491340637,62.3044853210449,0.693351328372955,0.0980938673019409,5.45620012283325
2020,0.83930230140686,10.2625188827515,0.816509425640106,67.1021575927734,0.89462685585022,0.114726796746254,5.38430023193359
2020,0.796421229839325,8.80954551696777,0.849987149238586,67.9527359008789,0.939592957496643,-0.0945333316922188,5.35349988937378
2020,0.876296401023865,9.36975193023682,0.808379888534546,62.1558494567871,0.870614409446716,0.519586503505707,5.28560018539429
2020,0.790771961212158,8.22556114196777,0.658048689365387,49.5037727355957,0.727909326553345,-0.0439911559224129,5.23330020904541
2020,0.740532577037811,7.67431974411011,0.468671143054962,54.3124656677246,0.735182583332062,-0.0035372127313166,5.21600008010864
2020,0.824211061000824,9.51863288879395,0.913160920143127,70.5999984741211,0.853962779045105,0.0380854979157448,5.1975998878479
2020,0.751779079437256,8.5369873046875,0.640228092670441,57.9244804382324,0.719058513641357,-0.123674094676971,5.1943998336792
2020,0.552537560462952,9.68772697448731,0.819308280944824,65.5083999633789,0.786824107170105,-0.240255281329155,5.16480016708374
2020,0.897490501403809,9.51059150695801,0.820392310619354,67.5044250488281,0.738840937614441,-0.0198774505406618,5.15980005264282
2020,0.847964763641357,8.35064506530762,0.728601098060608,57.203987121582,0.794796526432037,0.0941708534955978,5.14799976348877
2020,0.738099157810211,7.92535734176636,0.785512447357178,63.7791786193848,0.797565042972565,0.154168829321861,5.13719987869263
2020,0.748197376728058,10.1294193267822,0.826313555240631,66.9028167724609,0.608830451965332,-0.171046435832977,5.13180017471314
2020,0.753971099853516,9.68856811523438,0.79876059293747,69.289192199707,0.898517906665802,-0.181425750255585,5.12389993667603
2020,0.883691847324371,9.74803256988525,0.958966195583344,62.2117080688477,0.826457023620606,0.187671542167664,5.11910009384155
2020,0.935585141181946,9.86931896209717,0.937840342521668,66.8039779663086,0.745178163051605,-0.143908441066742,5.10150003433228
2020,0.815724611282349,8.9403133392334,0.592628479003906,65.896240234375,0.772072434425354,-0.240377247333527,5.09479999542236
2020,0.851336598396301,8.11864757537842,0.70038640499115,52.7049407958984,0.763051807880402,-0.0014964503934606,5.08489990234375
2020,0.837038397789002,8.97779369354248,0.890408158302307,66.5053405761719,0.623278319835663,-0.169090509414673,5.05319976806641
2020,0.735485136508942,9.53796482086182,0.803385138511658,65.9051742553711,0.466610908508301,-0.121105164289474,5.00509977340698
2020,0.808785140514374,8.11898231506348,0.723616003990173,59.5991516113281,0.690596163272858,-0.0523351542651653,4.98080015182495
2020,0.761794447898865,7.75099039077759,0.637573480606079,54.4678001403809,0.70684677362442,0.0763284713029862,4.94929981231689
2020,0.7225301861763,6.84216690063477,0.617435038089752,53.5000953674316,0.759772121906281,0.0138608170673251,4.90959978103638
2020,0.634679317474365,8.79858016967773,0.737502217292786,58.7099227905273,0.907213568687439,0.111371479928494,4.88859987258911
2020,0.896303713321686,9.41793060302734,0.671070456504822,68.708137512207,0.781994223594666,-0.0423094891011715,4.88269996643066
2020,0.822769045829773,8.24989032745361,0.77308064699173,61.5299682617188,0.959704637527466,0.0519111789762974,4.8484001159668
2020,0.661843538284302,8.28706359863281,0.687292993068695,64.5030670166016,0.900624990463257,-0.0336647257208824,4.83279991149902
2020,0.849150955677033,9.68053722381592,0.78788685798645,59.7153396606445,0.704829216003418,-0.222261622548103,4.82929992675781
2020,0.843423843383789,9.40337085723877,0.852532267570496,56.5060119628906,0.759330093860626,-0.109777323901653,4.81409978866577
2020,0.822261810302734,9.66109561920166,0.747694969177246,59.9035491943359,0.633182644844055,-0.0695647597312927,4.78480005264282
2020,0.90225625038147,9.36172389984131,0.824338138103485,67.1065826416016,0.551357507705689,-0.0612152703106403,4.77150011062622
2020,0.739795029163361,7.46854496002197,0.712943613529205,53.8894538879395,0.665563583374023,-0.0190805159509182,4.76870012283325
2020,0.690717816352844,7.32181453704834,0.693168699741364,55.0120162963867,0.733163177967072,0.343198716640472,4.75059986114502
2020,0.839328408241272,7.62985229492188,0.731468975543976,51.7269821166992,0.711566150188446,-0.0443669259548187,4.72930002212524
2020,0.861874341964722,8.57662487030029,0.737216889858246,49.8619079589844,0.759578406810761,0.0337458066642284,4.72410011291504
2020,0.773544788360596,9.10047626495361,0.757479429244995,66.7506561279297,0.712017834186554,-0.138779610395432,4.67679977416992
2020,0.665944695472717,9.22610092163086,0.629033029079437,64.4952087402344,0.801641523838043,-0.228920370340347,4.67259979248047
2020,0.714635968208313,9.81371974945068,0.694689691066742,66.0061492919922,0.647873282432556,0.117891103029251,4.67239999771118
2020,0.700344324111939,9.02599906921387,0.80216372013092,66.7997512817383,0.751047790050507,-0.16256520152092,4.63339996337891
2020,0.683019101619721,7.06934595108032,0.723874032497406,54.2058219909668,0.864451885223389,0.0323758684098721,4.62360000610352
2020,0.83149915933609,8.02977561950684,0.702652037143707,60.0969314575195,0.829747557640076,0.294681519269943,4.58300018310547
2020,0.85144978761673,9.20314121246338,0.846880972385407,56.5014877319336,0.76752096414566,-0.185306459665298,4.57110023498535
2020,0.920636713504791,9.01069068908691,0.878879368305206,64.6067810058594,0.663081884384155,-0.0309337060898542,4.56069993972778
2020,0.856375932693481,7.05438041687012,0.709280550479889,56.0963134765625,0.735268712043762,0.0422732196748257,4.55789995193481
2020,0.824199974536896,8.38922309875488,0.825295925140381,62.25,0.645791828632355,-0.162079095840454,4.55280017852783
2020,0.836737811565399,7.50038957595825,0.764994621276856,55.7082023620606,0.731713950634003,0.0994874313473702,4.43200016021729
2020,0.80276083946228,7.46796369552612,0.632388055324554,48.2205390930176,0.587305247783661,0.0178347192704678,4.42269992828369
2020,0.867590248584747,9.31497287750244,0.688718557357788,66.8978576660156,0.593361556529999,-0.21641381084919,4.39219999313355
2020,0.746223509311676,8.23391914367676,0.790819227695465,57.0101776123047,0.551522552967072,-0.106008142232895,4.37459993362427
2020,0.859001755714417,9.38996982574463,0.825374066829681,67.200065612793,0.837633669376373,0.0811296179890633,4.3270001411438
2020,0.809403598308563,6.69425630569458,0.672159016132355,52.9000015258789,0.700793564319611,0.0836376547813416,4.31099987030029
2020,0.708263337612152,9.16267395019531,0.770290195941925,51.1882362365723,0.646822273731232,-0.199201419949532,4.30810022354126
2020,0.645124316215515,8.68048191070557,0.784407019615173,58.9617118835449,0.89507520198822,0.560663998126984,4.30800008773804
2020,0.780622601509094,7.83363008499146,0.625662446022034,57.3490104675293,0.547612607479096,0.090008407831192,4.28859996795654
2020,0.757733464241028,7.35771131515503,0.551312625408173,54.719898223877,0.649828612804413,0.0026678745634853,4.18720006942749
2020,0.753690004348755,7.50938558578491,0.74330735206604,58.639591217041,0.740795195102692,0.0433773323893547,4.18620014190674
2020,0.817485630512238,7.2816858291626,0.668195903301239,59.1054267883301,0.557574093341827,-0.0118236392736435,4.16559982299805
2020,0.787726879119873,9.31654167175293,0.735447824001312,61.7801513671875,0.70835417509079,-0.19687831401825,4.15140008926392
2020,0.861330687999725,7.26880311965942,0.636142015457153,50.8651428222656,0.715315043926239,0.0886607468128204,3.92639994621277
2020,0.606934547424316,6.49264240264893,0.490325719118118,53.4000015258789,0.626350224018097,-0.0175515972077847,3.77530002593994
2020,0.801289677619934,8.2247200012207,0.698824465274811,55.2993774414063,0.806500256061554,0.0780371278524399,3.75939989089966
2020,0.684767246246338,7.41132926940918,0.593247830867767,55.5986251831055,0.537825167179108,0.400534570217133,3.72079992294312
2020,0.857392072677612,7.96048831939697,0.780495703220367,48.0036239624023,0.738125860691071,-0.145732045173645,3.6528000831604
2020,0.772042691707611,8.84982395172119,0.592200934886932,60.2151870727539,0.881444871425629,0.0575516074895859,3.57329988479614
2020,0.731700778007507,7.06222629547119,0.544007301330566,57.592887878418,0.803223192691803,0.0214332789182663,3.53800010681152
2020,0.80028772354126,7.75968265533447,0.817980587482452,56.7272834777832,0.599920272827148,-0.15773543715477,3.52740001678467
2020,0.777930915355682,9.71120357513428,0.77912175655365,58.9244537353516,0.821328103542328,-0.250394493341446,3.47889995574951
2020,0.619799435138702,7.96766519546509,0.688933193683624,57.4960746765137,0.821539759635925,0.10966868698597,3.47620010375977
2020,0.891806662082672,6.62516021728516,0.319459855556488,45.2000007629395,0.640880644321442,0.0824103578925133,3.47589993476868
2020,0.183541178703308,7.60010433197022,0.540835440158844,61.0988464355469,0.900589406490326,0.05548395216465,3.31229996681213
2020,0.810236990451813,7.86571168899536,0.763092756271362,55.6172599792481,0.711457908153534,-0.0720639526844025,3.2992000579834
2020,0.763417303562164,7.42535972595215,0.553707122802734,51.0,0.451313614845276,0.0165185481309891,2.81660008430481
2020,0.933686554431915,7.46286058425903,0.470366954803467,52.5900001525879,0.396573007106781,-0.0964294001460075,2.56690001487732
2021,0.186,10.775,0.954,72.0,0.949,-0.098,7.842
2021,0.179,10.933,0.954,72.7,0.946,0.03,7.62
2021,0.292,11.117,0.942,74.4,0.919,0.025,7.571
2021,0.673,10.878,0.983,73.0,0.955,0.16,7.554
2021,0.338,10.932,0.942,72.4,0.913,0.175,7.464
2021,0.27,11.053,0.954,73.3,0.96,0.093,7.392
2021,0.237,10.867,0.934,72.7,0.945,0.086,7.363
2021,0.386,11.647,0.908,72.6,0.907,-0.034,7.324
2021,0.242,10.643,0.948,73.4,0.929,0.134,7.277
2021,0.481,10.906,0.934,73.3,0.908,0.042,7.268
2021,0.442,10.796,0.94,73.9,0.914,0.159,7.183
2021,0.753,10.575,0.939,73.503,0.8,0.031,7.157
2021,0.46,10.873,0.903,72.5,0.875,0.011,7.155
2021,0.415,10.776,0.926,73.8,0.915,0.089,7.103
2021,0.363,11.342,0.947,72.4,0.879,0.077,7.085
2021,0.809,9.88,0.891,71.4,0.934,-0.126,7.069
2021,0.459,10.707,0.934,72.5,0.859,0.233,7.064
2021,0.868,10.556,0.947,70.807,0.858,-0.208,6.965
2021,0.698,11.023,0.92,68.2,0.837,0.098,6.951
2021,0.646,10.823,0.906,72.199,0.783,-0.153,6.834
2021,0.571,10.704,0.942,74.0,0.822,-0.147,6.69
2021,0.722,10.669,0.862,69.495,0.925,0.089,6.647
2021,0.653,10.674,0.931,72.2,0.927,0.133,6.602
2021,0.721,10.871,0.898,69.6,0.784,-0.07,6.584
2021,0.589,11.085,0.844,67.333,0.932,0.074,6.561
2021,0.684,10.743,0.891,66.603,0.877,-0.149,6.494
2021,0.745,10.571,0.932,74.7,0.761,-0.081,6.491
2021,0.866,10.623,0.88,73.8,0.693,-0.084,6.483
2021,0.806,10.529,0.948,71.4,0.949,-0.101,6.461
2021,0.775,9.053,0.813,64.958,0.906,-0.038,6.435
2021,0.59,9.966,0.925,69.1,0.896,-0.092,6.431
2021,0.082,11.488,0.915,76.953,0.927,-0.018,6.377
2021,0.917,9.318,0.821,63.813,0.869,0.257,6.372
2021,0.911,10.369,0.936,69.201,0.766,-0.124,6.331
2021,0.756,9.577,0.882,66.601,0.804,-0.071,6.33
2021,0.799,9.859,0.831,68.597,0.862,-0.147,6.317
2021,0.884,9.186,0.877,67.5,0.89,-0.137,6.309
2021,0.826,10.499,0.935,67.906,0.773,-0.203,6.255
2021,0.844,10.576,0.802,73.898,0.763,-0.015,6.223
2021,0.527,10.481,0.941,68.8,0.909,-0.106,6.189
2021,0.856,10.35,0.896,69.652,0.872,-0.166,6.18
2021,0.515,8.836,0.918,65.255,0.97,0.311,6.179
2021,0.83,10.071,0.882,70.0,0.742,-0.044,6.172
2021,0.735,10.382,0.898,69.702,0.841,-0.165,6.166
2021,0.733,10.155,0.952,65.2,0.853,-0.069,6.152
2021,0.938,10.284,0.832,67.355,0.845,-0.219,6.14
2021,0.736,10.817,0.843,66.9,0.867,-0.104,6.106
2021,0.835,9.787,0.873,68.6,0.778,0.002,6.078
2021,0.688,9.054,0.762,66.402,0.888,-0.11,6.061
2021,0.789,10.008,0.905,66.701,0.867,-0.054,6.049
2021,0.8,10.315,0.927,67.1,0.715,-0.162,6.032
2021,0.841,9.557,0.847,68.001,0.837,-0.135,6.012
2021,0.876,10.358,0.943,68.0,0.755,-0.186,5.992
2021,0.895,9.805,0.888,67.401,0.884,0.287,5.985
2021,0.664,8.62,0.864,67.657,0.836,0.02,5.972
2021,0.638,10.611,0.884,75.1,0.796,-0.258,5.94
2021,0.834,9.962,0.898,69.0,0.828,-0.182,5.929
2021,0.887,10.421,0.879,72.6,0.892,-0.244,5.929
2021,0.809,8.648,0.812,67.3,0.857,0.081,5.919
2021,0.939,10.217,0.924,70.799,0.754,-0.118,5.882
2021,0.742,9.076,0.83,62.0,0.917,-0.097,5.88
2021,0.727,10.651,0.799,73.9,0.672,-0.083,5.845
2021,0.891,9.458,0.832,68.25,0.822,-0.154,5.84
2021,0.931,9.59,0.87,68.098,0.706,0.113,5.813
2021,0.918,9.454,0.857,65.699,0.822,-0.079,5.766
2021,0.843,9.313,0.821,68.8,0.842,-0.124,5.764
2021,0.908,8.538,0.893,64.401,0.935,0.119,5.744
2021,0.823,10.279,0.823,72.6,0.582,-0.288,5.723
2021,0.839,9.046,0.81,63.901,0.875,-0.077,5.716
2021,0.856,9.4,0.935,62.5,0.708,0.116,5.677
2021,0.882,9.448,0.893,65.9,0.876,0.028,5.653
2021,0.812,9.94,0.858,68.699,0.708,-0.034,5.581
2021,0.714,9.802,0.853,66.102,0.86,-0.133,5.545
2021,0.626,10.576,0.82,73.898,0.795,0.012,5.536
2021,0.627,9.853,0.91,66.253,0.65,-0.18,5.534
2021,0.845,10.189,0.903,64.703,0.718,-0.111,5.477
2021,0.403,11.0,0.836,76.82,0.717,0.067,5.477
2021,0.553,8.091,0.86,64.281,0.832,-0.056,5.466
2021,0.796,8.973,0.85,68.034,0.94,-0.098,5.411
2021,0.667,9.622,0.827,62.3,0.771,-0.087,5.41
2021,0.839,10.238,0.817,67.102,0.895,0.125,5.384
2021,0.867,9.365,0.811,62.236,0.873,0.542,5.345
2021,0.745,8.117,0.636,58.221,0.695,-0.068,5.342
2021,0.755,9.673,0.811,69.593,0.904,-0.146,5.339
2021,0.794,8.551,0.644,50.114,0.741,-0.016,5.306
2021,0.629,9.487,0.799,67.055,0.825,-0.168,5.283
2021,0.727,8.12,0.774,64.233,0.782,0.152,5.269
2021,0.932,10.016,0.931,67.0,0.788,-0.096,5.266
2021,0.825,9.826,0.913,70.6,0.854,0.024,5.198
2021,0.506,9.569,0.836,65.656,0.814,-0.223,5.171
2021,0.848,8.189,0.71,53.515,0.731,0.026,5.142
2021,0.801,8.118,0.71,59.802,0.695,-0.046,5.132
2021,0.901,9.52,0.697,68.999,0.785,-0.03,5.117
2021,0.905,9.693,0.805,65.474,0.751,0.038,5.101
2021,0.848,8.58,0.727,57.586,0.807,0.123,5.088
2021,0.693,7.098,0.641,53.78,0.806,0.018,5.074
2021,0.888,9.629,0.983,62.409,0.877,0.273,5.066
2021,0.746,7.686,0.69,55.16,0.697,0.424,5.051
2021,0.661,8.087,0.489,54.713,0.757,-0.034,5.045
2021,0.658,8.947,0.728,58.968,0.91,0.123,5.03
2021,0.682,8.454,0.693,64.8,0.877,-0.041,5.025
2021,0.766,7.838,0.639,55.008,0.697,0.095,4.984
2021,0.86,9.403,0.86,56.904,0.749,-0.067,4.956
2021,0.776,10.24,0.822,67.199,0.576,-0.139,4.948
2021,0.787,8.458,0.651,58.709,0.726,0.098,4.934
2021,0.801,8.903,0.56,66.208,0.774,-0.236,4.918
2021,0.827,9.073,0.861,66.7,0.615,-0.169,4.892
2021,0.655,9.585,0.671,64.3,0.783,-0.238,4.891
2021,0.752,9.342,0.802,66.005,0.48,-0.067,4.887
2021,0.924,9.436,0.888,64.902,0.724,-0.011,4.875
2021,0.875,9.24,0.746,60.583,0.63,-0.053,4.854
2021,0.84,9.603,0.776,59.962,0.731,-0.2,4.852
2021,0.748,7.678,0.672,54.151,0.695,-0.009,4.834
2021,0.843,8.36,0.765,62.0,0.959,0.034,4.83
2021,0.684,7.158,0.744,54.706,0.882,0.061,4.794
2021,0.878,8.533,0.74,50.102,0.737,0.037,4.759
2021,0.827,7.744,0.724,51.969,0.697,-0.036,4.723
2021,0.714,9.584,0.71,66.3,0.608,0.218,4.721
2021,0.855,7.677,0.781,56.101,0.709,0.122,4.636
2021,0.85,7.288,0.72,56.498,0.735,0.05,4.625
2021,0.825,8.361,0.688,60.704,0.779,0.287,4.607
2021,0.87,9.266,0.691,67.201,0.656,-0.201,4.596
2021,0.898,9.626,0.848,67.355,0.525,-0.073,4.584
2021,0.847,9.161,0.818,56.799,0.719,-0.149,4.574
2021,0.821,8.485,0.826,62.25,0.653,-0.163,4.517
2021,0.66,8.541,0.779,59.302,0.876,0.509,4.426
2021,0.705,9.182,0.767,67.0,0.755,-0.167,4.395
2021,0.807,7.364,0.619,48.478,0.579,0.041,4.355
2021,0.863,9.47,0.827,67.299,0.841,0.079,4.325
2021,0.708,9.065,0.77,50.833,0.647,-0.185,4.308
2021,0.781,8.031,0.626,57.349,0.548,0.082,4.289
2021,0.795,9.367,0.75,61.998,0.749,-0.182,4.283
2021,0.761,7.694,0.764,59.0,0.752,0.082,4.275
2021,0.731,8.542,0.795,57.161,0.561,-0.106,4.227
2021,0.803,7.396,0.686,59.305,0.552,-0.005,4.208
2021,0.772,7.362,0.569,54.914,0.619,0.032,4.107
2021,0.823,8.145,0.708,55.809,0.782,0.061,4.073
2021,0.866,7.434,0.63,51.651,0.717,0.084,3.849
2021,0.774,8.755,0.603,60.633,0.893,0.089,3.819
2021,0.607,6.635,0.49,53.4,0.626,-0.024,3.775
2021,0.8,7.578,0.832,57.122,0.602,-0.147,3.658
2021,0.577,7.876,0.702,57.999,0.833,0.183,3.623
2021,0.721,7.477,0.54,55.7,0.593,0.422,3.615
2021,0.729,6.958,0.537,57.948,0.78,0.038,3.6
2021,0.915,7.926,0.787,48.7,0.715,-0.131,3.512
2021,0.801,9.782,0.784,59.269,0.824,-0.246,3.467
2021,0.167,7.676,0.552,61.4,0.897,0.061,3.415
2021,0.821,7.943,0.75,56.201,0.677,-0.047,3.145
2021,0.924,7.695,0.463,52.493,0.382,-0.102,2.523
2023,0.182,10.792,0.969,71.15,0.961,-0.019,7.804
2023,0.196,10.962,0.954,71.25,0.934,0.134,7.586
2023,0.668,10.896,0.983,72.05,0.936,0.211,7.53
2023,0.708,10.639,0.943,72.697,0.809,-0.023,7.473
2023,0.379,10.942,0.93,71.55,0.887,0.213,7.403
2023,0.202,10.883,0.939,72.15,0.948,0.165,7.395
2023,0.283,11.088,0.943,71.5,0.947,0.141,7.315
2023,0.266,11.164,0.92,72.9,0.891,0.027,7.24
2023,0.345,11.66,0.879,71.675,0.915,0.024,7.228
2023,0.271,10.662,0.952,70.35,0.887,0.175,7.123
2023,0.497,10.899,0.888,71.15,0.855,0.102,7.097
2023,0.496,10.821,0.934,71.05,0.89,0.198,7.095
2023,0.42,10.773,0.929,71.4,0.874,0.153,6.961
2023,0.358,11.527,0.905,71.3,0.874,0.092,6.911
2023,0.689,11.048,0.919,65.85,0.8,0.137,6.894
2023,0.42,10.879,0.896,71.3,0.846,0.03,6.892
2023,0.549,10.844,0.915,70.899,0.825,0.001,6.859
2023,0.859,10.611,0.953,69.05,0.903,0.04,6.845
2023,0.454,10.704,0.882,70.3,0.852,0.253,6.796
2023,0.805,10.568,0.939,67.397,0.748,-0.145,6.763
2023,0.553,10.701,0.909,72.3,0.819,-0.1,6.661
2023,0.771,10.588,0.951,71.052,0.913,0.014,6.65
2023,0.768,9.952,0.872,70.0,0.895,-0.07,6.609
2023,0.929,10.339,0.848,67.051,0.856,-0.172,6.589
2023,0.146,11.571,0.878,73.8,0.878,0.063,6.587
2023,0.584,11.145,0.826,66.243,0.942,0.096,6.571
2023,0.681,10.797,0.884,69.6,0.804,-0.129,6.535
2023,0.575,10.037,0.913,67.5,0.895,-0.065,6.494
2023,0.898,10.353,0.953,68.838,0.753,-0.016,6.469
2023,0.691,10.715,0.884,64.399,0.894,-0.081,6.463
2023,0.409,10.541,0.946,69.65,0.929,0.032,6.455
2023,0.711,10.54,0.932,72.35,0.782,-0.066,6.436
2023,0.842,10.634,0.882,72.05,0.711,-0.074,6.405
2023,0.866,9.359,0.844,65.195,0.861,0.259,6.368
2023,0.823,10.114,0.889,70.3,0.792,-0.011,6.334
2023,0.768,9.85,0.804,65.8,0.856,-0.094,6.33
2023,0.729,10.661,0.923,71.6,0.886,0.119,6.3
2023,0.878,10.305,0.896,68.95,0.855,-0.133,6.265
2023,0.736,10.453,0.925,69.049,0.765,-0.031,6.26
2023,0.625,8.618,0.853,65.65,0.877,0.021,6.259
2023,0.83,10.37,0.937,66.4,0.818,-0.056,6.213
2023,0.737,10.776,0.844,65.825,0.944,0.117,6.173
2023,0.837,9.116,0.812,62.9,0.856,-0.057,6.15
2023,0.721,10.166,0.931,65.802,0.853,0.0,6.144
2023,0.816,9.854,0.873,67.088,0.845,0.204,6.144
2023,0.86,10.611,0.826,72.802,0.724,-0.06,6.13
2023,0.64,10.616,0.894,74.349,0.799,-0.237,6.129
2023,0.925,10.341,0.917,68.95,0.757,-0.093,6.125
2023,0.738,9.582,0.836,65.749,0.801,-0.009,6.125
2023,0.62,9.089,0.755,65.597,0.918,-0.108,6.122
2023,0.839,10.419,0.943,67.5,0.758,-0.059,6.041
2023,0.814,9.959,0.891,67.2,0.823,-0.089,6.024
2023,0.843,8.635,0.766,64.063,0.843,0.097,6.023
2023,0.638,8.948,0.875,65.301,0.938,0.23,6.014
2023,0.758,10.169,0.799,65.662,0.877,0.16,6.012
2023,0.878,10.429,0.878,71.25,0.902,-0.196,5.968
2023,0.701,10.693,0.812,73.65,0.717,-0.046,5.951
2023,0.793,10.288,0.835,71.15,0.568,-0.24,5.931
2023,0.775,9.957,0.888,63.85,0.813,-0.028,5.902
2023,0.91,9.751,0.874,68.45,0.85,0.289,5.843
2023,0.849,9.372,0.933,60.5,0.701,0.19,5.84
2023,0.904,8.486,0.911,66.852,0.934,0.181,5.825
2023,0.901,9.499,0.857,65.299,0.84,-0.08,5.819
2023,0.727,9.738,0.836,68.689,0.882,-0.041,5.818
2023,0.759,9.287,0.821,65.502,0.939,-0.004,5.763
2023,0.843,9.51,0.906,65.9,0.891,0.021,5.738
2023,0.844,9.813,0.89,67.1,0.805,0.063,5.722
2023,0.875,9.165,0.867,66.6,0.822,-0.106,5.703
2023,0.846,8.985,0.811,63.599,0.868,-0.063,5.684
2023,0.801,10.21,0.889,64.947,0.719,-0.03,5.661
2023,0.918,9.616,0.88,67.275,0.746,0.206,5.633
2023,0.834,9.584,0.822,69.35,0.804,-0.104,5.63
2023,0.657,9.811,0.827,64.399,0.85,-0.099,5.569
2023,0.833,9.27,0.806,69.0,0.802,-0.108,5.559
2023,0.892,9.402,0.798,69.85,0.794,-0.119,5.526
2023,0.732,8.979,0.78,62.038,0.919,-0.06,5.523
2023,0.911,10.087,0.918,66.5,0.801,-0.057,5.466
2023,0.783,8.256,0.748,61.847,0.808,0.146,5.36
2023,0.705,9.615,0.79,67.789,0.796,-0.155,5.342
2023,0.522,8.237,0.836,62.226,0.832,-0.06,5.33
2023,0.717,9.3,0.855,66.549,0.571,-0.117,5.329
2023,0.385,10.966,0.817,77.28,0.687,-0.026,5.308
2023,0.878,9.567,0.718,69.15,0.794,-0.007,5.277
2023,0.876,9.385,0.804,63.048,0.88,0.531,5.277
2023,0.902,9.478,0.907,56.989,0.73,-0.087,5.275
2023,0.739,8.095,0.605,56.85,0.73,-0.004,5.267
2023,0.902,9.703,0.805,66.5,0.769,0.131,5.254
2023,0.811,5.527,0.839,64.05,0.659,0.128,5.211
2023,0.703,8.962,0.679,60.946,0.919,0.091,5.111
2023,0.649,9.646,0.716,64.95,0.786,-0.254,5.109
2023,0.787,7.88,0.649,54.185,0.659,0.125,5.072
2023,0.907,9.314,0.878,64.55,0.795,0.24,5.071
2023,0.746,8.576,0.572,55.953,0.733,0.003,5.053
2023,0.786,9.537,0.746,58.252,0.642,-0.187,5.035
2023,0.911,8.496,0.74,54.891,0.718,0.073,4.981
2023,0.846,8.217,0.686,55.847,0.686,0.015,4.973
2023,0.66,7.116,0.692,51.53,0.851,0.047,4.954
2023,0.876,9.098,0.718,63.415,0.646,-0.005,4.941
2023,0.836,8.716,0.859,,0.694,-0.132,4.908
2023,0.811,8.973,0.553,63.901,0.787,-0.231,4.903
2023,0.747,9.61,0.778,66.6,0.593,0.173,4.876
2023,0.846,8.155,0.629,59.999,0.772,0.011,4.855
2023,0.657,8.591,0.644,60.475,0.622,-0.013,4.724
2023,0.771,7.667,0.663,55.461,0.696,0.095,4.638
2023,0.83,9.121,0.787,56.851,0.669,-0.126,4.631
2023,0.795,10.307,0.796,68.663,0.475,-0.077,4.614
2023,0.881,8.596,0.641,58.763,0.777,0.139,4.605
2023,0.787,8.54,0.601,57.313,0.766,0.008,4.555
2023,0.734,7.091,0.59,56.55,0.788,0.032,4.501
2023,0.907,9.244,0.73,67.0,0.576,-0.213,4.497
2023,0.852,8.458,0.69,58.499,0.696,0.288,4.487
2023,0.808,9.491,0.826,67.15,0.787,-0.03,4.442
2023,0.857,7.716,0.794,58.913,0.701,0.114,4.432
2023,0.807,7.261,0.722,53.125,0.677,0.221,4.397
2023,0.857,8.385,0.747,61.9,0.958,0.073,4.393
2023,0.576,8.103,0.437,56.095,0.743,-0.043,4.374
2023,0.658,8.404,0.787,61.388,0.727,0.491,4.372
2023,0.698,8.685,0.544,64.548,0.845,0.005,4.282
2023,0.883,7.648,0.584,57.9,0.596,0.364,4.279
2023,0.846,7.655,0.593,55.403,0.713,-0.028,4.198
2023,0.58,9.367,0.726,63.503,0.732,-0.183,4.17
2023,0.74,7.673,0.595,57.449,0.657,0.024,4.137
2023,0.687,9.13,0.729,67.6,0.77,-0.15,4.12
2023,0.789,7.739,0.782,60.698,0.72,0.273,4.091
2023,0.83,7.277,0.596,56.7,0.735,0.154,4.042
2023,0.774,8.759,0.608,60.777,0.897,0.072,4.036
2023,0.742,7.29,0.65,58.05,0.522,0.075,4.019
2023,0.818,8.074,0.694,55.032,0.791,0.098,3.982
2023,0.554,7.857,0.653,59.401,0.838,0.182,3.694
2023,0.727,8.075,0.471,59.425,0.47,-0.014,3.545
2023,0.749,7.302,0.531,58.475,0.75,0.005,3.495
2023,0.83,9.629,0.753,54.725,0.742,-0.215,3.435
2023,0.834,7.007,0.652,55.375,0.664,0.086,3.207
2023,0.766,7.641,0.69,54.05,0.654,-0.046,3.204
2023,0.858,7.394,0.555,54.9,0.66,0.105,3.138
2023,0.891,9.478,0.53,66.149,0.474,-0.141,2.392
2023,0.847,7.324,0.341,54.712,0.382,-0.081,1.859
